BEGIN TRANSACTION;
CREATE TABLE approval_matrix (
    id INTEGER PRIMARY KEY,
    min_amount DECIMAL(15,2),
    max_amount DECIMAL(15,2),
    approver_role TEXT,
    approver_name TEXT,
    approver_email TEXT
);
INSERT INTO "approval_matrix" VALUES(1,0,100000,'Auto','System','system@cashflo.io');
INSERT INTO "approval_matrix" VALUES(2,100001,1000000,'Department Head','Respective HOD','hod@cashflo.io');
INSERT INTO "approval_matrix" VALUES(3,1000001,5000000,'Finance Controller','Manish Gupta','manish.gupta@cashflo.io');
INSERT INTO "approval_matrix" VALUES(4,5000001,999999999,'CFO','Ananya Krishnan','ananya.k@cashflo.io');
CREATE TABLE companies (
    id INTEGER PRIMARY KEY,
    name TEXT NOT NULL,
    gstin TEXT,
    pan TEXT,
    state_code TEXT,
    city TEXT,
    is_buyer INTEGER DEFAULT 1
);
INSERT INTO "companies" VALUES(1,'Cashflo Technologies Pvt Ltd','27AABCC1234F1Z5','AABCC1234F','27','Mumbai',1);
INSERT INTO "companies" VALUES(2,'Cashflo Financial Services Ltd','29AABCC5678G1Z3','AABCC5678G','29','Bangalore',1);
CREATE TABLE departments (
    id INTEGER PRIMARY KEY,
    company_id INTEGER REFERENCES companies(id),
    name TEXT NOT NULL,
    head_name TEXT,
    head_email TEXT,
    budget_annual DECIMAL(15,2)
);
INSERT INTO "departments" VALUES(1,1,'Engineering','Rahul Sharma','rahul.sharma@cashflo.io',5000000);
INSERT INTO "departments" VALUES(2,1,'Operations','Priya Menon','priya.menon@cashflo.io',3000000);
INSERT INTO "departments" VALUES(3,1,'Marketing','Aditya Patel','aditya.patel@cashflo.io',2000000);
INSERT INTO "departments" VALUES(4,2,'Engineering','Sneha Iyer','sneha.iyer@cashflo.io',4000000);
INSERT INTO "departments" VALUES(5,2,'HR','Vikram Joshi','vikram.joshi@cashflo.io',1500000);
CREATE TABLE grn_line_items (
    id INTEGER PRIMARY KEY,
    grn_id INTEGER REFERENCES grns(id),
    product_id INTEGER REFERENCES products(id),
    po_line_item_id INTEGER REFERENCES po_line_items(id),
    quantity_received DECIMAL(10,2),
    quantity_rejected DECIMAL(10,2) DEFAULT 0,
    remarks TEXT
);
INSERT INTO "grn_line_items" VALUES(1,1,1,1,20,0,NULL);
INSERT INTO "grn_line_items" VALUES(2,1,4,2,2,0,NULL);
INSERT INTO "grn_line_items" VALUES(3,1,12,3,10,1,NULL);
INSERT INTO "grn_line_items" VALUES(4,2,7,4,10,2,NULL);
INSERT INTO "grn_line_items" VALUES(5,2,10,5,1.1,0,NULL);
INSERT INTO "grn_line_items" VALUES(6,2,8,6,1,0,NULL);
INSERT INTO "grn_line_items" VALUES(7,2,9,7,5,0,NULL);
INSERT INTO "grn_line_items" VALUES(8,3,4,8,50,0,NULL);
INSERT INTO "grn_line_items" VALUES(9,3,9,9,22,2,NULL);
INSERT INTO "grn_line_items" VALUES(10,3,12,10,100,0,NULL);
INSERT INTO "grn_line_items" VALUES(11,3,5,11,5,0,NULL);
INSERT INTO "grn_line_items" VALUES(12,4,2,12,1.6,0,NULL);
INSERT INTO "grn_line_items" VALUES(13,4,8,13,1,0,NULL);
INSERT INTO "grn_line_items" VALUES(14,5,10,14,1,0,NULL);
INSERT INTO "grn_line_items" VALUES(15,6,7,15,16,0,NULL);
INSERT INTO "grn_line_items" VALUES(16,7,5,17,20,0,NULL);
INSERT INTO "grn_line_items" VALUES(17,7,10,18,10,2,NULL);
INSERT INTO "grn_line_items" VALUES(18,7,4,19,10,0,NULL);
INSERT INTO "grn_line_items" VALUES(19,8,11,20,1.6,0,NULL);
INSERT INTO "grn_line_items" VALUES(20,8,4,21,50,2,NULL);
INSERT INTO "grn_line_items" VALUES(21,9,2,22,25,0,NULL);
INSERT INTO "grn_line_items" VALUES(22,9,5,23,20,2,NULL);
INSERT INTO "grn_line_items" VALUES(23,9,6,24,2,0,NULL);
INSERT INTO "grn_line_items" VALUES(24,10,12,25,5,0,NULL);
INSERT INTO "grn_line_items" VALUES(25,11,10,26,100,0,NULL);
INSERT INTO "grn_line_items" VALUES(26,11,12,27,5,0,NULL);
INSERT INTO "grn_line_items" VALUES(27,11,6,28,3,0,NULL);
INSERT INTO "grn_line_items" VALUES(28,11,8,29,8,1,NULL);
INSERT INTO "grn_line_items" VALUES(29,12,9,30,100,0,NULL);
INSERT INTO "grn_line_items" VALUES(30,12,8,31,5,0,NULL);
INSERT INTO "grn_line_items" VALUES(31,12,3,32,10,0,NULL);
INSERT INTO "grn_line_items" VALUES(32,12,11,33,100,0,NULL);
INSERT INTO "grn_line_items" VALUES(33,13,5,34,4,0,NULL);
INSERT INTO "grn_line_items" VALUES(34,13,7,35,5,0,NULL);
INSERT INTO "grn_line_items" VALUES(35,13,11,36,1,0,NULL);
INSERT INTO "grn_line_items" VALUES(36,14,7,37,100,0,NULL);
INSERT INTO "grn_line_items" VALUES(37,14,5,38,1,0,NULL);
INSERT INTO "grn_line_items" VALUES(38,14,2,39,20,0,NULL);
INSERT INTO "grn_line_items" VALUES(39,15,5,40,50,2,NULL);
INSERT INTO "grn_line_items" VALUES(40,16,12,41,10,0,NULL);
INSERT INTO "grn_line_items" VALUES(41,16,9,42,100,0,NULL);
INSERT INTO "grn_line_items" VALUES(42,17,2,43,50,0,NULL);
INSERT INTO "grn_line_items" VALUES(43,17,4,44,4,0,NULL);
INSERT INTO "grn_line_items" VALUES(44,18,4,45,100,2,NULL);
INSERT INTO "grn_line_items" VALUES(45,18,12,46,5,0,NULL);
INSERT INTO "grn_line_items" VALUES(46,19,2,47,1,0,NULL);
INSERT INTO "grn_line_items" VALUES(47,19,12,48,0.8,0,NULL);
INSERT INTO "grn_line_items" VALUES(48,19,7,49,10,1,NULL);
INSERT INTO "grn_line_items" VALUES(49,19,8,50,4,0,NULL);
INSERT INTO "grn_line_items" VALUES(50,20,7,54,22,0,NULL);
INSERT INTO "grn_line_items" VALUES(51,21,9,58,100,0,NULL);
INSERT INTO "grn_line_items" VALUES(52,21,6,59,1.1,0,NULL);
INSERT INTO "grn_line_items" VALUES(53,22,6,60,5,0,NULL);
INSERT INTO "grn_line_items" VALUES(54,22,9,61,100,0,NULL);
INSERT INTO "grn_line_items" VALUES(55,22,5,62,100,0,NULL);
INSERT INTO "grn_line_items" VALUES(56,22,1,63,22,0,NULL);
INSERT INTO "grn_line_items" VALUES(57,23,8,64,10,2,NULL);
INSERT INTO "grn_line_items" VALUES(58,24,12,65,0.5,0,NULL);
INSERT INTO "grn_line_items" VALUES(59,24,5,66,1,0,NULL);
INSERT INTO "grn_line_items" VALUES(60,25,8,67,16,0,NULL);
INSERT INTO "grn_line_items" VALUES(61,26,10,68,100,2,NULL);
INSERT INTO "grn_line_items" VALUES(62,27,10,73,20,0,NULL);
INSERT INTO "grn_line_items" VALUES(63,27,7,74,100,2,NULL);
INSERT INTO "grn_line_items" VALUES(64,27,5,75,20,2,NULL);
INSERT INTO "grn_line_items" VALUES(65,27,1,76,22,1,NULL);
INSERT INTO "grn_line_items" VALUES(66,28,9,77,100,0,NULL);
INSERT INTO "grn_line_items" VALUES(67,28,2,78,1.6,0,NULL);
INSERT INTO "grn_line_items" VALUES(68,28,11,79,5.5,0,NULL);
INSERT INTO "grn_line_items" VALUES(69,28,8,80,0.8,0,NULL);
INSERT INTO "grn_line_items" VALUES(70,29,2,81,50,1,NULL);
INSERT INTO "grn_line_items" VALUES(71,29,12,82,20,0,NULL);
INSERT INTO "grn_line_items" VALUES(72,29,11,83,1,0,NULL);
INSERT INTO "grn_line_items" VALUES(73,29,10,84,10,0,NULL);
INSERT INTO "grn_line_items" VALUES(74,30,12,85,16,0,NULL);
INSERT INTO "grn_line_items" VALUES(75,30,5,86,2.4,0,NULL);
INSERT INTO "grn_line_items" VALUES(76,30,6,87,50,0,NULL);
INSERT INTO "grn_line_items" VALUES(77,31,5,88,100,0,NULL);
INSERT INTO "grn_line_items" VALUES(78,32,9,89,20,0,NULL);
INSERT INTO "grn_line_items" VALUES(79,32,4,90,1,0,NULL);
INSERT INTO "grn_line_items" VALUES(80,32,12,91,100,1,NULL);
INSERT INTO "grn_line_items" VALUES(81,32,10,92,16,2,NULL);
INSERT INTO "grn_line_items" VALUES(82,33,2,93,8,1,NULL);
INSERT INTO "grn_line_items" VALUES(83,33,8,94,10,2,NULL);
INSERT INTO "grn_line_items" VALUES(84,33,11,95,10,0,NULL);
INSERT INTO "grn_line_items" VALUES(85,33,5,96,0.5,0,NULL);
INSERT INTO "grn_line_items" VALUES(86,34,7,97,20,1,NULL);
INSERT INTO "grn_line_items" VALUES(87,34,6,98,2.2,0,NULL);
INSERT INTO "grn_line_items" VALUES(88,34,10,99,50,1,NULL);
INSERT INTO "grn_line_items" VALUES(89,34,1,100,2.4,0,NULL);
INSERT INTO "grn_line_items" VALUES(90,35,6,101,10,0,NULL);
INSERT INTO "grn_line_items" VALUES(91,35,11,102,50,1,NULL);
INSERT INTO "grn_line_items" VALUES(92,35,4,103,4,0,NULL);
INSERT INTO "grn_line_items" VALUES(93,35,8,104,100,1,NULL);
INSERT INTO "grn_line_items" VALUES(94,36,1,105,5,0,NULL);
INSERT INTO "grn_line_items" VALUES(95,36,7,106,2.2,0,NULL);
INSERT INTO "grn_line_items" VALUES(96,36,9,107,1.1,0,NULL);
INSERT INTO "grn_line_items" VALUES(97,36,6,108,1.6,0,NULL);
INSERT INTO "grn_line_items" VALUES(98,37,1,109,5.5,1,NULL);
INSERT INTO "grn_line_items" VALUES(99,38,9,110,1.1,0,NULL);
INSERT INTO "grn_line_items" VALUES(100,39,9,111,100,0,NULL);
INSERT INTO "grn_line_items" VALUES(101,39,6,112,100,1,NULL);
INSERT INTO "grn_line_items" VALUES(102,39,3,113,2.4,0,NULL);
INSERT INTO "grn_line_items" VALUES(103,40,12,117,22,2,NULL);
INSERT INTO "grn_line_items" VALUES(104,41,6,118,1,0,NULL);
INSERT INTO "grn_line_items" VALUES(105,41,7,119,100,0,NULL);
INSERT INTO "grn_line_items" VALUES(106,41,10,120,20,0,NULL);
INSERT INTO "grn_line_items" VALUES(107,42,3,121,16,0,NULL);
INSERT INTO "grn_line_items" VALUES(108,42,8,122,10,1,NULL);
INSERT INTO "grn_line_items" VALUES(109,42,2,123,1.5,0,NULL);
INSERT INTO "grn_line_items" VALUES(110,42,6,124,2.4,0,NULL);
INSERT INTO "grn_line_items" VALUES(111,43,3,125,3.3,0,NULL);
INSERT INTO "grn_line_items" VALUES(112,43,9,126,3,0,NULL);
INSERT INTO "grn_line_items" VALUES(113,43,10,127,1,0,NULL);
INSERT INTO "grn_line_items" VALUES(114,44,1,128,1,0,NULL);
INSERT INTO "grn_line_items" VALUES(115,45,7,129,20,0,NULL);
INSERT INTO "grn_line_items" VALUES(116,45,8,130,16,0,NULL);
INSERT INTO "grn_line_items" VALUES(117,45,11,131,20,0,NULL);
INSERT INTO "grn_line_items" VALUES(118,45,4,132,20,0,NULL);
INSERT INTO "grn_line_items" VALUES(119,46,4,133,0.8,0,NULL);
INSERT INTO "grn_line_items" VALUES(120,46,12,134,100,0,NULL);
INSERT INTO "grn_line_items" VALUES(121,46,10,135,100,1,NULL);
INSERT INTO "grn_line_items" VALUES(122,46,6,136,0.5,0,NULL);
INSERT INTO "grn_line_items" VALUES(123,47,9,137,1.5,0,NULL);
INSERT INTO "grn_line_items" VALUES(124,47,1,138,50,1,NULL);
INSERT INTO "grn_line_items" VALUES(125,47,11,139,1.5,0,NULL);
INSERT INTO "grn_line_items" VALUES(126,47,10,140,3.3,0,NULL);
INSERT INTO "grn_line_items" VALUES(127,48,6,145,10,0,NULL);
INSERT INTO "grn_line_items" VALUES(128,48,3,146,1,0,NULL);
INSERT INTO "grn_line_items" VALUES(129,48,5,147,50,0,NULL);
INSERT INTO "grn_line_items" VALUES(130,48,1,148,100,0,NULL);
INSERT INTO "grn_line_items" VALUES(131,49,11,151,20,0,NULL);
INSERT INTO "grn_line_items" VALUES(132,49,5,152,5,0,NULL);
INSERT INTO "grn_line_items" VALUES(133,49,3,153,50,0,NULL);
INSERT INTO "grn_line_items" VALUES(134,49,1,154,20,0,NULL);
INSERT INTO "grn_line_items" VALUES(135,50,2,162,20,0,NULL);
INSERT INTO "grn_line_items" VALUES(136,50,11,163,40,0,NULL);
INSERT INTO "grn_line_items" VALUES(137,50,9,164,5,0,NULL);
INSERT INTO "grn_line_items" VALUES(138,50,3,165,1,0,NULL);
INSERT INTO "grn_line_items" VALUES(139,51,11,166,55,0,NULL);
INSERT INTO "grn_line_items" VALUES(140,51,12,167,0.8,0,NULL);
INSERT INTO "grn_line_items" VALUES(141,52,4,168,1.6,0,NULL);
INSERT INTO "grn_line_items" VALUES(142,52,5,169,20,0,NULL);
INSERT INTO "grn_line_items" VALUES(143,52,12,170,5,0,NULL);
INSERT INTO "grn_line_items" VALUES(144,52,6,171,50,2,NULL);
INSERT INTO "grn_line_items" VALUES(145,53,2,172,20,0,NULL);
INSERT INTO "grn_line_items" VALUES(146,53,8,173,1,0,NULL);
INSERT INTO "grn_line_items" VALUES(147,53,6,174,2.5,0,NULL);
INSERT INTO "grn_line_items" VALUES(148,53,4,175,0.8,0,NULL);
INSERT INTO "grn_line_items" VALUES(149,54,11,176,1.1,0,NULL);
INSERT INTO "grn_line_items" VALUES(150,55,9,177,50,0,NULL);
INSERT INTO "grn_line_items" VALUES(151,55,5,178,3,0,NULL);
INSERT INTO "grn_line_items" VALUES(152,55,1,179,1.6,0,NULL);
INSERT INTO "grn_line_items" VALUES(153,56,1,180,2,0,NULL);
INSERT INTO "grn_line_items" VALUES(154,56,11,181,50,2,NULL);
INSERT INTO "grn_line_items" VALUES(155,56,12,182,20,1,NULL);
INSERT INTO "grn_line_items" VALUES(156,56,3,183,1,0,NULL);
INSERT INTO "grn_line_items" VALUES(157,57,9,184,20,0,NULL);
INSERT INTO "grn_line_items" VALUES(158,58,12,185,2,0,NULL);
INSERT INTO "grn_line_items" VALUES(159,58,2,186,50,0,NULL);
INSERT INTO "grn_line_items" VALUES(160,59,7,187,50,0,NULL);
INSERT INTO "grn_line_items" VALUES(161,59,1,188,1.6,0,NULL);
INSERT INTO "grn_line_items" VALUES(162,59,5,189,5,0,NULL);
INSERT INTO "grn_line_items" VALUES(163,60,5,193,1.5,0,NULL);
INSERT INTO "grn_line_items" VALUES(164,60,11,194,50,2,NULL);
INSERT INTO "grn_line_items" VALUES(165,61,6,195,100,0,NULL);
INSERT INTO "grn_line_items" VALUES(166,61,1,196,40,0,NULL);
INSERT INTO "grn_line_items" VALUES(167,62,11,197,5.5,2,NULL);
INSERT INTO "grn_line_items" VALUES(168,62,2,198,2.4,0,NULL);
INSERT INTO "grn_line_items" VALUES(169,62,3,199,50,2,NULL);
INSERT INTO "grn_line_items" VALUES(170,63,8,200,5,0,NULL);
INSERT INTO "grn_line_items" VALUES(171,63,2,201,100,0,NULL);
INSERT INTO "grn_line_items" VALUES(172,64,1,202,5,0,NULL);
INSERT INTO "grn_line_items" VALUES(173,64,8,203,100,0,NULL);
INSERT INTO "grn_line_items" VALUES(174,64,3,204,100,1,NULL);
INSERT INTO "grn_line_items" VALUES(175,65,2,205,1.1,0,NULL);
INSERT INTO "grn_line_items" VALUES(176,65,11,206,22,0,NULL);
INSERT INTO "grn_line_items" VALUES(177,65,4,207,2,0,NULL);
INSERT INTO "grn_line_items" VALUES(178,65,5,208,2,0,NULL);
INSERT INTO "grn_line_items" VALUES(179,66,9,209,100,0,NULL);
INSERT INTO "grn_line_items" VALUES(180,66,5,210,1,0,NULL);
INSERT INTO "grn_line_items" VALUES(181,66,6,211,2,0,NULL);
INSERT INTO "grn_line_items" VALUES(182,66,8,212,100,0,NULL);
INSERT INTO "grn_line_items" VALUES(183,67,3,213,22,0,NULL);
INSERT INTO "grn_line_items" VALUES(184,67,5,214,22,0,NULL);
INSERT INTO "grn_line_items" VALUES(185,67,2,215,3,0,NULL);
INSERT INTO "grn_line_items" VALUES(186,68,5,216,2.4,0,NULL);
INSERT INTO "grn_line_items" VALUES(187,68,3,217,3.3,0,NULL);
INSERT INTO "grn_line_items" VALUES(188,68,7,218,1,0,NULL);
CREATE TABLE grns (
    id INTEGER PRIMARY KEY,
    grn_number TEXT UNIQUE NOT NULL,
    po_id INTEGER REFERENCES purchase_orders(id),
    vendor_id INTEGER REFERENCES vendors(id),
    grn_date DATE NOT NULL,
    received_by TEXT,
    status TEXT CHECK(status IN ('draft','confirmed','partial'))
);
INSERT INTO "grns" VALUES(1,'GRN-2025-0001',1,8,'2025-08-14','Receiving Clerk','confirmed');
INSERT INTO "grns" VALUES(2,'GRN-2025-0002',2,3,'2025-05-19','Warehouse Team','partial');
INSERT INTO "grns" VALUES(3,'GRN-2025-0003',3,9,'2026-01-06','Ops Manager','confirmed');
INSERT INTO "grns" VALUES(4,'GRN-2025-0004',4,7,'2025-12-11','Receiving Clerk','confirmed');
INSERT INTO "grns" VALUES(5,'GRN-2025-0005',5,3,'2025-08-08','Ops Manager','confirmed');
INSERT INTO "grns" VALUES(6,'GRN-2025-0006',6,15,'2025-05-04','Warehouse Team','confirmed');
INSERT INTO "grns" VALUES(7,'GRN-2025-0007',8,5,'2025-07-05','Receiving Clerk','confirmed');
INSERT INTO "grns" VALUES(8,'GRN-2025-0008',9,5,'2025-10-11','Warehouse Team','confirmed');
INSERT INTO "grns" VALUES(9,'GRN-2025-0009',10,11,'2025-09-27','Warehouse Team','confirmed');
INSERT INTO "grns" VALUES(10,'GRN-2025-0010',11,11,'2025-09-23','Ops Manager','confirmed');
INSERT INTO "grns" VALUES(11,'GRN-2025-0011',12,1,'2025-07-22','Warehouse Team','confirmed');
INSERT INTO "grns" VALUES(12,'GRN-2025-0012',13,15,'2026-01-09','Receiving Clerk','confirmed');
INSERT INTO "grns" VALUES(13,'GRN-2025-0013',14,14,'2025-04-19','Ops Manager','confirmed');
INSERT INTO "grns" VALUES(14,'GRN-2025-0014',15,8,'2025-11-04','Warehouse Team','confirmed');
INSERT INTO "grns" VALUES(15,'GRN-2025-0015',16,13,'2025-06-16','Ops Manager','confirmed');
INSERT INTO "grns" VALUES(16,'GRN-2025-0016',17,11,'2025-11-22','Warehouse Team','confirmed');
INSERT INTO "grns" VALUES(17,'GRN-2025-0017',18,5,'2025-04-23','Warehouse Team','confirmed');
INSERT INTO "grns" VALUES(18,'GRN-2025-0018',19,2,'2025-06-15','Warehouse Team','confirmed');
INSERT INTO "grns" VALUES(19,'GRN-2025-0019',20,6,'2025-09-05','Ops Manager','confirmed');
INSERT INTO "grns" VALUES(20,'GRN-2025-0020',22,9,'2025-06-05','Ops Manager','confirmed');
INSERT INTO "grns" VALUES(21,'GRN-2025-0021',24,11,'2025-05-10','Receiving Clerk','partial');
INSERT INTO "grns" VALUES(22,'GRN-2025-0022',25,9,'2025-09-02','Warehouse Team','confirmed');
INSERT INTO "grns" VALUES(23,'GRN-2025-0023',26,12,'2025-06-24','Receiving Clerk','partial');
INSERT INTO "grns" VALUES(24,'GRN-2025-0024',27,7,'2025-11-24','Ops Manager','partial');
INSERT INTO "grns" VALUES(25,'GRN-2025-0025',28,15,'2025-07-06','Ops Manager','confirmed');
INSERT INTO "grns" VALUES(26,'GRN-2025-0026',29,11,'2025-04-15','Ops Manager','confirmed');
INSERT INTO "grns" VALUES(27,'GRN-2025-0027',32,10,'2025-06-05','Receiving Clerk','confirmed');
INSERT INTO "grns" VALUES(28,'GRN-2025-0028',33,3,'2025-06-21','Ops Manager','confirmed');
INSERT INTO "grns" VALUES(29,'GRN-2025-0029',34,11,'2025-07-12','Receiving Clerk','confirmed');
INSERT INTO "grns" VALUES(30,'GRN-2025-0030',35,1,'2025-07-05','Warehouse Team','confirmed');
INSERT INTO "grns" VALUES(31,'GRN-2025-0031',36,13,'2025-11-22','Ops Manager','confirmed');
INSERT INTO "grns" VALUES(32,'GRN-2025-0032',37,12,'2025-06-29','Receiving Clerk','confirmed');
INSERT INTO "grns" VALUES(33,'GRN-2025-0033',38,11,'2025-07-17','Warehouse Team','partial');
INSERT INTO "grns" VALUES(34,'GRN-2025-0034',39,3,'2025-09-06','Receiving Clerk','partial');
INSERT INTO "grns" VALUES(35,'GRN-2025-0035',40,14,'2025-05-14','Receiving Clerk','partial');
INSERT INTO "grns" VALUES(36,'GRN-2025-0036',41,14,'2025-04-21','Warehouse Team','confirmed');
INSERT INTO "grns" VALUES(37,'GRN-2025-0037',42,13,'2025-09-08','Receiving Clerk','confirmed');
INSERT INTO "grns" VALUES(38,'GRN-2025-0038',43,3,'2025-10-17','Receiving Clerk','confirmed');
INSERT INTO "grns" VALUES(39,'GRN-2025-0039',44,13,'2025-05-02','Warehouse Team','confirmed');
INSERT INTO "grns" VALUES(40,'GRN-2025-0040',46,3,'2025-12-13','Warehouse Team','confirmed');
INSERT INTO "grns" VALUES(41,'GRN-2025-0041',47,1,'2025-08-18','Receiving Clerk','partial');
INSERT INTO "grns" VALUES(42,'GRN-2025-0042',48,4,'2025-05-17','Warehouse Team','confirmed');
INSERT INTO "grns" VALUES(43,'GRN-2025-0043',49,2,'2025-12-29','Warehouse Team','confirmed');
INSERT INTO "grns" VALUES(44,'GRN-2025-0044',50,3,'2025-10-01','Ops Manager','confirmed');
INSERT INTO "grns" VALUES(45,'GRN-2025-0045',51,8,'2025-07-09','Ops Manager','confirmed');
INSERT INTO "grns" VALUES(46,'GRN-2025-0046',52,1,'2025-12-26','Ops Manager','confirmed');
INSERT INTO "grns" VALUES(47,'GRN-2025-0047',53,13,'2026-01-01','Ops Manager','confirmed');
INSERT INTO "grns" VALUES(48,'GRN-2025-0048',55,5,'2025-11-01','Ops Manager','confirmed');
INSERT INTO "grns" VALUES(49,'GRN-2025-0049',58,4,'2025-06-30','Receiving Clerk','confirmed');
INSERT INTO "grns" VALUES(50,'GRN-2025-0050',61,6,'2025-10-31','Receiving Clerk','partial');
INSERT INTO "grns" VALUES(51,'GRN-2025-0051',62,7,'2025-05-30','Ops Manager','confirmed');
INSERT INTO "grns" VALUES(52,'GRN-2025-0052',63,9,'2025-06-13','Warehouse Team','confirmed');
INSERT INTO "grns" VALUES(53,'GRN-2025-0053',64,5,'2025-12-27','Receiving Clerk','confirmed');
INSERT INTO "grns" VALUES(54,'GRN-2025-0054',65,15,'2025-05-11','Warehouse Team','confirmed');
INSERT INTO "grns" VALUES(55,'GRN-2025-0055',66,1,'2025-04-28','Receiving Clerk','confirmed');
INSERT INTO "grns" VALUES(56,'GRN-2025-0056',67,2,'2025-11-10','Ops Manager','partial');
INSERT INTO "grns" VALUES(57,'GRN-2025-0057',68,11,'2025-06-16','Receiving Clerk','partial');
INSERT INTO "grns" VALUES(58,'GRN-2025-0058',69,7,'2025-09-14','Receiving Clerk','confirmed');
INSERT INTO "grns" VALUES(59,'GRN-2025-0059',70,1,'2025-05-26','Warehouse Team','confirmed');
INSERT INTO "grns" VALUES(60,'GRN-2025-0060',72,11,'2025-09-18','Ops Manager','partial');
INSERT INTO "grns" VALUES(61,'GRN-2025-0061',73,8,'2025-12-20','Warehouse Team','confirmed');
INSERT INTO "grns" VALUES(62,'GRN-2025-0062',74,5,'2025-05-05','Warehouse Team','confirmed');
INSERT INTO "grns" VALUES(63,'GRN-2025-0063',75,13,'2025-09-29','Ops Manager','partial');
INSERT INTO "grns" VALUES(64,'GRN-2025-0064',76,14,'2025-05-03','Ops Manager','confirmed');
INSERT INTO "grns" VALUES(65,'GRN-2025-0065',77,1,'2025-08-16','Ops Manager','confirmed');
INSERT INTO "grns" VALUES(66,'GRN-2025-0066',78,7,'2025-05-23','Ops Manager','partial');
INSERT INTO "grns" VALUES(67,'GRN-2025-0067',79,1,'2025-07-02','Warehouse Team','partial');
INSERT INTO "grns" VALUES(68,'GRN-2025-0068',80,12,'2025-10-04','Warehouse Team','confirmed');
CREATE TABLE invoice_line_items (
    id INTEGER PRIMARY KEY,
    invoice_id INTEGER REFERENCES invoices(id),
    product_id INTEGER REFERENCES products(id),
    description TEXT,
    hsn_code TEXT,
    quantity DECIMAL(10,2),
    unit_rate DECIMAL(12,2),
    total_amount DECIMAL(15,2),
    cgst DECIMAL(10,2) DEFAULT 0,
    sgst DECIMAL(10,2) DEFAULT 0,
    igst DECIMAL(10,2) DEFAULT 0
);
INSERT INTO "invoice_line_items" VALUES(1,1,1,NULL,'882209.6',13.51,44110.48,595932.58,53633.93,53633.93,0);
INSERT INTO "invoice_line_items" VALUES(2,1,4,NULL,'41456.64',1.88,20728.32,38969.24,3507.23,3507.23,0);
INSERT INTO "invoice_line_items" VALUES(3,1,12,NULL,'16965.4',10.8,848.27,9161.32,824.52,824.52,0);
INSERT INTO "invoice_line_items" VALUES(4,2,7,NULL,'49239.7',10,4923.97,49239.7,0,0,8863.15);
INSERT INTO "invoice_line_items" VALUES(5,2,10,NULL,'15540.85',1,15540.85,15540.85,1398.67,1398.67,0);
INSERT INTO "invoice_line_items" VALUES(6,2,8,NULL,'51817.1',2,25908.55,51817.1,0,0,9327.08);
INSERT INTO "invoice_line_items" VALUES(7,2,9,NULL,'632231.8',10,63223.18,632231.8,56900.86,56900.86,0);
INSERT INTO "invoice_line_items" VALUES(8,3,7,NULL,'49239.7',4.09,4904.86,20060.88,0,0,3610.96);
INSERT INTO "invoice_line_items" VALUES(9,3,10,NULL,'15540.85',0.37,15588.53,5767.76,519.1,519.1,0);
INSERT INTO "invoice_line_items" VALUES(10,3,8,NULL,'51817.1',0.65,25926,16851.9,0,0,3033.34);
INSERT INTO "invoice_line_items" VALUES(11,3,9,NULL,'632231.8',5.93,63422.98,376098.27,33848.85,33848.85,0);
INSERT INTO "invoice_line_items" VALUES(12,4,4,NULL,'1208933.0',50,24178.66,1208933,108803.97,108803.97,0);
INSERT INTO "invoice_line_items" VALUES(13,4,9,NULL,'1185144.0',20,59257.2,1185144,106662.96,106662.96,0);
INSERT INTO "invoice_line_items" VALUES(14,4,12,NULL,'83178.0',100,831.78,83178,0,0,14972.04);
INSERT INTO "invoice_line_items" VALUES(15,4,5,NULL,'15974.1',5,3194.82,15974.1,0,0,2875.34);
INSERT INTO "invoice_line_items" VALUES(16,5,4,NULL,'1208933.0',24.88,24178.66,601565.06,54140.86,54140.86,0);
INSERT INTO "invoice_line_items" VALUES(17,5,9,NULL,'1185144.0',8.47,59257.2,501908.48,0,0,90343.53);
INSERT INTO "invoice_line_items" VALUES(18,5,12,NULL,'83178.0',31.63,831.78,26309.2,0,0,4735.66);
INSERT INTO "invoice_line_items" VALUES(19,5,5,NULL,'15974.1',2.47,3194.82,7891.21,710.21,710.21,0);
INSERT INTO "invoice_line_items" VALUES(20,6,2,NULL,'218428.24',2,122780.21,245560.42,22100.44,22100.44,0);
INSERT INTO "invoice_line_items" VALUES(21,6,8,NULL,'27344.98',1,30451.12,30451.12,0,0,5481.2);
INSERT INTO "invoice_line_items" VALUES(22,7,10,NULL,'15743.93',1,15771.52,15771.52,1419.43,1419.43,0);
INSERT INTO "invoice_line_items" VALUES(23,8,7,NULL,'97824.8',20,4891.24,97824.8,0,0,17608.46);
INSERT INTO "invoice_line_items" VALUES(24,9,9,NULL,'300353.1',5,60070.62,300353.1,27031.78,27031.78,0);
INSERT INTO "invoice_line_items" VALUES(25,10,9,NULL,'300353.1',3.07,60070.62,184416.8,16597.51,16597.51,0);
INSERT INTO "invoice_line_items" VALUES(26,11,5,NULL,'65850.4',20,3279.74,65594.8,0,0,11807.06);
INSERT INTO "invoice_line_items" VALUES(27,11,10,NULL,'150162.3',10,15044.91,150449.1,13540.42,13540.42,0);
INSERT INTO "invoice_line_items" VALUES(28,11,4,NULL,'237834.8',10,23673.13,236731.3,21305.81,21305.81,0);
INSERT INTO "invoice_line_items" VALUES(29,12,11,NULL,'15531.78',1.76,7765.89,13667.97,0,0,2460.23);
INSERT INTO "invoice_line_items" VALUES(30,12,4,NULL,'1204244.0',30.87,24084.88,743500.25,0,0,133830.04);
INSERT INTO "invoice_line_items" VALUES(31,13,11,NULL,'15531.78',0.65,7765.89,5047.83,454.31,454.31,0);
INSERT INTO "invoice_line_items" VALUES(32,13,4,NULL,'1204244.0',17.08,24084.88,411369.75,37023.28,37023.28,0);
INSERT INTO "invoice_line_items" VALUES(33,14,2,NULL,'6215421.5',50,124403.64,6220182,559816.38,559816.38,0);
INSERT INTO "invoice_line_items" VALUES(34,14,5,NULL,'76149.4',20,3815.42,76308.4,6867.76,6867.76,0);
INSERT INTO "invoice_line_items" VALUES(35,14,6,NULL,'752.78',2,377.99,755.98,68.04,68.04,0);
INSERT INTO "invoice_line_items" VALUES(36,15,12,NULL,'9012.8',10.75,901.28,9688.76,0,0,1743.98);
INSERT INTO "invoice_line_items" VALUES(37,16,10,NULL,'1482648.0',100,14845.72,1484572,133611.48,133611.48,0);
INSERT INTO "invoice_line_items" VALUES(38,16,12,NULL,'4510.05',5,903.78,4518.9,406.7,406.7,0);
INSERT INTO "invoice_line_items" VALUES(39,16,6,NULL,'1083.36',3,360.2,1080.6,0,0,194.51);
INSERT INTO "invoice_line_items" VALUES(40,16,8,NULL,'250772.6',10,24953.26,249532.6,0,0,44915.87);
INSERT INTO "invoice_line_items" VALUES(41,17,10,NULL,'1482648.0',54.12,14826.48,802409.1,0,0,144433.64);
INSERT INTO "invoice_line_items" VALUES(42,17,12,NULL,'4510.05',2.2,902.01,1984.42,178.6,178.6,0);
INSERT INTO "invoice_line_items" VALUES(43,17,6,NULL,'1083.36',1.73,361.12,624.74,56.23,56.23,0);
INSERT INTO "invoice_line_items" VALUES(44,17,8,NULL,'250772.6',3.4,25077.26,85262.68,7673.64,7673.64,0);
INSERT INTO "invoice_line_items" VALUES(45,18,9,NULL,'5711030.0',100,57110.3,5711030,513992.7,513992.7,0);
INSERT INTO "invoice_line_items" VALUES(46,18,8,NULL,'133496.55',5,26699.31,133496.55,12014.69,12014.69,0);
INSERT INTO "invoice_line_items" VALUES(47,18,3,NULL,'789872.1',10,78987.21,789872.1,71088.49,71088.49,0);
INSERT INTO "invoice_line_items" VALUES(48,18,11,NULL,'820280.0',100,8202.8,820280,73825.2,73825.2,0);
INSERT INTO "invoice_line_items" VALUES(49,19,5,NULL,'17458.8',5,3491.76,17458.8,1571.29,1571.29,0);
INSERT INTO "invoice_line_items" VALUES(50,19,7,NULL,'44422.5',10,4442.25,44422.5,0,0,7996.05);
INSERT INTO "invoice_line_items" VALUES(51,19,11,NULL,'7822.17',1,7822.17,7822.17,704,704,0);
INSERT INTO "invoice_line_items" VALUES(52,20,7,NULL,'406744.0',100,4055.97,405597,0,0,73007.46);
INSERT INTO "invoice_line_items" VALUES(53,20,5,NULL,'3849.94',1,3860.22,3860.22,347.42,347.42,0);
INSERT INTO "invoice_line_items" VALUES(54,20,2,NULL,'2267626.6',20,113502.93,2270058.6,0,0,408610.55);
INSERT INTO "invoice_line_items" VALUES(55,21,5,NULL,'171383.0',59.24,3427.66,203054.58,18274.91,18274.91,0);
INSERT INTO "invoice_line_items" VALUES(56,22,5,NULL,'171383.0',24.71,3427.66,84697.48,7622.77,7622.77,0);
INSERT INTO "invoice_line_items" VALUES(57,23,12,NULL,'9208.6',10,920.86,9208.6,828.77,828.77,0);
INSERT INTO "invoice_line_items" VALUES(58,23,9,NULL,'5957849.0',100,59578.49,5957849,536206.41,536206.41,0);
INSERT INTO "invoice_line_items" VALUES(59,24,2,NULL,'5986293.5',50,119762.89,5988144.5,538933.01,538933.01,0);
INSERT INTO "invoice_line_items" VALUES(60,24,4,NULL,'114193.4',5,22894.85,114474.25,10302.68,10302.68,0);
INSERT INTO "invoice_line_items" VALUES(61,25,4,NULL,'2101660.0',103.63,21016.6,2177950.26,0,0,392031.05);
INSERT INTO "invoice_line_items" VALUES(62,25,12,NULL,'9864.9',10.55,986.49,10407.47,0,0,1873.34);
INSERT INTO "invoice_line_items" VALUES(63,26,2,NULL,'243697.02',2,128542.2,257084.4,23137.6,23137.6,0);
INSERT INTO "invoice_line_items" VALUES(64,26,12,NULL,'837.31',1,928.79,928.79,83.59,83.59,0);
INSERT INTO "invoice_line_items" VALUES(65,26,7,NULL,'41266.6',10,4336.53,43365.3,3902.88,3902.88,0);
INSERT INTO "invoice_line_items" VALUES(66,26,8,NULL,'115461.3',5,23792.44,118962.2,10706.6,10706.6,0);
INSERT INTO "invoice_line_items" VALUES(67,27,12,NULL,'4881.5',5,979.47,4897.35,0,0,881.52);
INSERT INTO "invoice_line_items" VALUES(68,27,8,NULL,'123128.45',5,24610.71,123053.55,11074.82,11074.82,0);
INSERT INTO "invoice_line_items" VALUES(69,27,2,NULL,'617716.15',5,123301.2,616506,55485.54,55485.54,0);
INSERT INTO "invoice_line_items" VALUES(70,28,7,NULL,'91866.8',20,4600.3,92006,0,0,16561.08);
INSERT INTO "invoice_line_items" VALUES(71,29,7,NULL,'9643.92',2,4821.96,9643.92,867.96,867.96,0);
INSERT INTO "invoice_line_items" VALUES(72,29,6,NULL,'6876.4',20,343.82,6876.4,0,0,1237.75);
INSERT INTO "invoice_line_items" VALUES(73,29,11,NULL,'766115.0',100,7661.15,766115,68950.35,68950.35,0);
INSERT INTO "invoice_line_items" VALUES(74,30,9,NULL,'6150490.0',100,61504.9,6150490,553544.1,553544.1,0);
INSERT INTO "invoice_line_items" VALUES(75,30,6,NULL,'329.25',1,329.25,329.25,29.64,29.64,0);
INSERT INTO "invoice_line_items" VALUES(76,31,9,NULL,'6150490.0',45.27,61638.12,2790357.69,251132.19,251132.19,0);
INSERT INTO "invoice_line_items" VALUES(77,31,6,NULL,'329.25',0.59,330.35,194.91,17.54,17.54,0);
INSERT INTO "invoice_line_items" VALUES(78,32,6,NULL,'3658.2',10,366.42,3664.2,0,0,659.56);
INSERT INTO "invoice_line_items" VALUES(79,32,9,NULL,'6438313.0',100,64692.7,6469270,582234.3,582234.3,0);
INSERT INTO "invoice_line_items" VALUES(80,32,5,NULL,'352701.0',100,3510.68,351068,31596.12,31596.12,0);
INSERT INTO "invoice_line_items" VALUES(81,32,1,NULL,'869839.2',20,43531.18,870623.6,0,0,156712.25);
INSERT INTO "invoice_line_items" VALUES(82,33,8,NULL,'241928.1',5.16,24192.81,124834.9,11235.14,11235.14,0);
INSERT INTO "invoice_line_items" VALUES(83,34,12,NULL,'818.28',1.04,818.28,851.01,0,0,153.18);
INSERT INTO "invoice_line_items" VALUES(84,34,5,NULL,'3355.36',1.04,3355.36,3489.57,314.06,314.06,0);
INSERT INTO "invoice_line_items" VALUES(85,35,8,NULL,'548765.2',20,27438.26,548765.2,49388.87,49388.87,0);
INSERT INTO "invoice_line_items" VALUES(86,36,10,NULL,'1599852.0',107.52,15998.52,1720160.87,0,0,309628.96);
INSERT INTO "invoice_line_items" VALUES(87,37,4,NULL,'442715.0',23.02,22135.75,509564.96,45860.85,45860.85,0);
INSERT INTO "invoice_line_items" VALUES(88,37,3,NULL,'799570.9',12.44,79957.09,994666.2,89519.96,89519.96,0);
INSERT INTO "invoice_line_items" VALUES(89,38,4,NULL,'442715.0',8.19,24937.04,204234.36,0,0,36762.18);
INSERT INTO "invoice_line_items" VALUES(90,38,3,NULL,'799570.9',4.61,82489.35,380275.9,34224.83,34224.83,0);
INSERT INTO "invoice_line_items" VALUES(91,39,8,NULL,'541525.6',20,27076.28,541525.6,48737.31,48737.31,0);
INSERT INTO "invoice_line_items" VALUES(92,39,1,NULL,'231644.35',5,46328.87,231644.35,20847.99,20847.99,0);
INSERT INTO "invoice_line_items" VALUES(93,40,8,NULL,'541525.6',9.23,27076.28,249914.06,22492.26,22492.26,0);
INSERT INTO "invoice_line_items" VALUES(94,40,1,NULL,'231644.35',2.06,46328.87,95437.47,0,0,17178.74);
INSERT INTO "invoice_line_items" VALUES(95,41,10,NULL,'283036.2',20,14151.81,283036.2,25473.26,25473.26,0);
INSERT INTO "invoice_line_items" VALUES(96,41,7,NULL,'490550.0',100,4905.5,490550,44149.5,44149.5,0);
INSERT INTO "invoice_line_items" VALUES(97,41,5,NULL,'64391.0',20,3219.55,64391,5795.19,5795.19,0);
INSERT INTO "invoice_line_items" VALUES(98,41,1,NULL,'908003.8',20,45400.19,908003.8,0,0,163440.68);
INSERT INTO "invoice_line_items" VALUES(99,42,10,NULL,'283036.2',11.9,14151.81,168406.54,0,0,30313.18);
INSERT INTO "invoice_line_items" VALUES(100,42,7,NULL,'490550.0',46.21,4905.5,226683.15,0,0,40802.97);
INSERT INTO "invoice_line_items" VALUES(101,42,5,NULL,'64391.0',6.66,3219.55,21442.2,0,0,3859.6);
INSERT INTO "invoice_line_items" VALUES(102,42,1,NULL,'908003.8',6.79,45400.19,308267.29,27744.06,27744.06,0);
INSERT INTO "invoice_line_items" VALUES(103,43,9,NULL,'6333620.0',100,63336.2,6333620,570025.8,570025.8,0);
INSERT INTO "invoice_line_items" VALUES(104,43,2,NULL,'237696.26',2,118848.13,237696.26,21392.67,21392.67,0);
INSERT INTO "invoice_line_items" VALUES(105,43,11,NULL,'43563.35',5,8712.67,43563.35,0,0,7841.4);
INSERT INTO "invoice_line_items" VALUES(106,43,8,NULL,'26136.21',1,26136.21,26136.21,2352.26,2352.26,0);
INSERT INTO "invoice_line_items" VALUES(107,44,9,NULL,'6333620.0',32.98,63402.97,2091029.95,0,0,376385.39);
INSERT INTO "invoice_line_items" VALUES(108,44,2,NULL,'237696.26',0.99,119267.42,118074.75,0,0,21253.45);
INSERT INTO "invoice_line_items" VALUES(109,44,11,NULL,'43563.35',1.82,8731.91,15892.08,1430.29,1430.29,0);
INSERT INTO "invoice_line_items" VALUES(110,44,8,NULL,'26136.21',0.4,26065.25,10426.1,938.35,938.35,0);
INSERT INTO "invoice_line_items" VALUES(111,45,2,NULL,'5515877.5',32.7,110317.55,3607383.89,324664.55,324664.55,0);
INSERT INTO "invoice_line_items" VALUES(112,45,12,NULL,'19122.4',11.01,956.12,10526.88,947.42,947.42,0);
INSERT INTO "invoice_line_items" VALUES(113,45,11,NULL,'8138.34',0.6,8138.34,4883,439.47,439.47,0);
INSERT INTO "invoice_line_items" VALUES(114,45,10,NULL,'310200.8',14.94,15510.04,231720,0,0,41709.6);
INSERT INTO "invoice_line_items" VALUES(115,46,12,NULL,'16222.0',11.37,811.1,9222.21,0,0,1660);
INSERT INTO "invoice_line_items" VALUES(116,46,5,NULL,'10639.26',1.57,3546.42,5567.88,501.11,501.11,0);
INSERT INTO "invoice_line_items" VALUES(117,46,6,NULL,'15993.5',34.75,319.87,11115.48,1000.39,1000.39,0);
INSERT INTO "invoice_line_items" VALUES(118,47,5,NULL,'351885.0',114.34,3518.85,402345.31,36211.08,36211.08,0);
INSERT INTO "invoice_line_items" VALUES(119,48,9,NULL,'1097298.2',12.14,54864.91,666060.01,59945.4,59945.4,0);
INSERT INTO "invoice_line_items" VALUES(120,48,4,NULL,'21719.37',0.73,21719.37,15855.14,1426.96,1426.96,0);
INSERT INTO "invoice_line_items" VALUES(121,48,12,NULL,'97581.0',63.65,975.81,62110.31,5589.93,5589.93,0);
INSERT INTO "invoice_line_items" VALUES(122,48,10,NULL,'304545.6',12.93,15227.28,196888.73,17719.99,17719.99,0);
INSERT INTO "invoice_line_items" VALUES(123,49,9,NULL,'1097298.2',9.87,55116.31,543997.98,48959.82,48959.82,0);
INSERT INTO "invoice_line_items" VALUES(124,49,4,NULL,'21719.37',0.38,21633.1,8220.58,739.85,739.85,0);
INSERT INTO "invoice_line_items" VALUES(125,49,12,NULL,'97581.0',52.77,972.42,51314.6,4618.31,4618.31,0);
INSERT INTO "invoice_line_items" VALUES(126,49,10,NULL,'304545.6',9.77,15296,149441.92,13449.77,13449.77,0);
INSERT INTO "invoice_line_items" VALUES(127,50,2,NULL,'1221940.7',10,122753.38,1227533.8,110478.04,110478.04,0);
INSERT INTO "invoice_line_items" VALUES(128,50,8,NULL,'500733.6',20,25114.54,502290.8,0,0,90412.34);
INSERT INTO "invoice_line_items" VALUES(129,50,11,NULL,'79387.9',10,7977.09,79770.9,7179.38,7179.38,0);
INSERT INTO "invoice_line_items" VALUES(130,50,5,NULL,'3189.82',1,3194.48,3194.48,287.5,287.5,0);
INSERT INTO "invoice_line_items" VALUES(131,51,7,NULL,'82186.4',21.43,4109.32,88062.73,0,0,15851.29);
INSERT INTO "invoice_line_items" VALUES(132,51,6,NULL,'708.12',2.13,354.06,754.15,67.88,67.88,0);
INSERT INTO "invoice_line_items" VALUES(133,51,10,NULL,'717622.0',53.12,14352.44,762401.61,68616.15,68616.15,0);
INSERT INTO "invoice_line_items" VALUES(134,51,1,NULL,'130500.78',3.14,43500.26,136590.82,12293.17,12293.17,0);
INSERT INTO "invoice_line_items" VALUES(135,52,7,NULL,'82186.4',12,4109.32,49311.84,4438.06,4438.06,0);
INSERT INTO "invoice_line_items" VALUES(136,52,6,NULL,'708.12',0.78,354.06,276.17,0,0,49.71);
INSERT INTO "invoice_line_items" VALUES(137,52,10,NULL,'717622.0',22.62,14352.44,324652.19,29218.69,29218.69,0);
INSERT INTO "invoice_line_items" VALUES(138,52,1,NULL,'130500.78',1.56,43500.26,67860.41,6107.44,6107.44,0);
INSERT INTO "invoice_line_items" VALUES(139,53,6,NULL,'3676.7',10.74,367.67,3948.78,355.39,355.39,0);
INSERT INTO "invoice_line_items" VALUES(140,53,11,NULL,'757440.0',103.51,7574.4,784026.14,0,0,141124.71);
INSERT INTO "invoice_line_items" VALUES(141,53,4,NULL,'105808.3',5.36,21161.66,113426.5,10208.39,10208.39,0);
INSERT INTO "invoice_line_items" VALUES(142,53,8,NULL,'2701987.0',106.82,27019.87,2886262.51,259763.62,259763.62,0);
INSERT INTO "invoice_line_items" VALUES(143,54,1,NULL,'219877.5',5,43975.5,219877.5,0,0,39577.95);
INSERT INTO "invoice_line_items" VALUES(144,54,7,NULL,'8774.84',2,4387.42,8774.84,789.74,789.74,0);
INSERT INTO "invoice_line_items" VALUES(145,54,9,NULL,'57824.22',1,57824.22,57824.22,0,0,10408.36);
INSERT INTO "invoice_line_items" VALUES(146,54,6,NULL,'747.48',2,373.74,747.48,67.28,67.28,0);
INSERT INTO "invoice_line_items" VALUES(147,55,1,NULL,'221392.15',5,44278.43,221392.15,19925.29,19925.29,0);
INSERT INTO "invoice_line_items" VALUES(148,56,9,NULL,'58685.44',1,58685.44,58685.44,0,0,10563.38);
INSERT INTO "invoice_line_items" VALUES(149,57,9,NULL,'6576983.0',100,65769.83,6576983,0,0,1183856.94);
INSERT INTO "invoice_line_items" VALUES(150,57,6,NULL,'35922.0',100,359.22,35922,3232.98,3232.98,0);
INSERT INTO "invoice_line_items" VALUES(151,57,3,NULL,'205339.53',3,68446.51,205339.53,0,0,36961.12);
INSERT INTO "invoice_line_items" VALUES(152,58,3,NULL,'1627293.2',20,81364.66,1627293.2,146456.39,146456.39,0);
INSERT INTO "invoice_line_items" VALUES(153,58,8,NULL,'265057.4',10,26505.74,265057.4,23855.17,23855.17,0);
INSERT INTO "invoice_line_items" VALUES(154,58,11,NULL,'366314.0',50,7326.28,366314,32968.26,32968.26,0);
INSERT INTO "invoice_line_items" VALUES(155,59,12,NULL,'18413.4',20,964.06,19281.2,0,0,3470.62);
INSERT INTO "invoice_line_items" VALUES(156,60,6,NULL,'357.36',1,373.13,373.13,0,0,67.16);
INSERT INTO "invoice_line_items" VALUES(157,60,7,NULL,'490394.0',100,5465.37,546537,49188.33,49188.33,0);
INSERT INTO "invoice_line_items" VALUES(158,60,10,NULL,'296636.4',20,16365.8,327316,0,0,58916.88);
INSERT INTO "invoice_line_items" VALUES(159,61,3,NULL,'1562862.2',20,78143.11,1562862.2,0,0,281315.2);
INSERT INTO "invoice_line_items" VALUES(160,61,8,NULL,'269566.6',10,26956.66,269566.6,0,0,48521.99);
INSERT INTO "invoice_line_items" VALUES(161,61,2,NULL,'375250.26',3,125083.42,375250.26,33772.53,33772.53,0);
INSERT INTO "invoice_line_items" VALUES(162,61,6,NULL,'1111.68',3,370.56,1111.68,0,0,200.1);
INSERT INTO "invoice_line_items" VALUES(163,62,3,NULL,'237050.16',3,79016.72,237050.16,21334.51,21334.51,0);
INSERT INTO "invoice_line_items" VALUES(164,62,9,NULL,'177574.26',3,59191.42,177574.26,15981.68,15981.68,0);
INSERT INTO "invoice_line_items" VALUES(165,62,10,NULL,'15994.17',1,15994.17,15994.17,1439.47,1439.47,0);
INSERT INTO "invoice_line_items" VALUES(166,63,1,NULL,'81818.32',1.48,40909.16,60545.56,0,0,10898.2);
INSERT INTO "invoice_line_items" VALUES(167,64,7,NULL,'91919.8',13.68,4595.99,62873.14,0,0,11317.17);
INSERT INTO "invoice_line_items" VALUES(168,64,8,NULL,'536148.6',17.94,26807.43,480925.29,0,0,86566.55);
INSERT INTO "invoice_line_items" VALUES(169,64,11,NULL,'167494.4',18.22,8374.72,152587.4,0,0,27465.73);
INSERT INTO "invoice_line_items" VALUES(170,64,4,NULL,'481833.0',11.67,24091.65,281149.56,25303.46,25303.46,0);
INSERT INTO "invoice_line_items" VALUES(171,65,4,NULL,'20022.38',1,20012.44,20012.44,1801.12,1801.12,0);
INSERT INTO "invoice_line_items" VALUES(172,65,12,NULL,'91755.0',100,920.53,92053,0,0,16569.54);
INSERT INTO "invoice_line_items" VALUES(173,65,10,NULL,'1435725.0',100,14373.19,1437319,129358.71,129358.71,0);
INSERT INTO "invoice_line_items" VALUES(174,65,6,NULL,'374.3',1,372.79,372.79,33.55,33.55,0);
INSERT INTO "invoice_line_items" VALUES(175,66,9,NULL,'187689.3',3,62671.84,188015.52,0,0,33842.79);
INSERT INTO "invoice_line_items" VALUES(176,66,1,NULL,'4517399.0',100,45211.8,4521180,0,0,813812.4);
INSERT INTO "invoice_line_items" VALUES(177,66,11,NULL,'24510.06',3,8188.43,24565.29,0,0,4421.75);
INSERT INTO "invoice_line_items" VALUES(178,66,10,NULL,'43451.7',3,14415.34,43246.02,3892.14,3892.14,0);
INSERT INTO "invoice_line_items" VALUES(179,67,3,NULL,'140723.52',2.11,70361.76,148463.31,13361.7,13361.7,0);
INSERT INTO "invoice_line_items" VALUES(180,67,11,NULL,'770191.0',107.99,7701.91,831729.26,74855.63,74855.63,0);
INSERT INTO "invoice_line_items" VALUES(181,67,4,NULL,'64851.06',3.15,21617.02,68093.61,0,0,12256.85);
INSERT INTO "invoice_line_items" VALUES(182,67,1,NULL,'220967.0',5.26,44193.4,232457.28,20921.15,20921.15,0);
INSERT INTO "invoice_line_items" VALUES(183,68,3,NULL,'140723.52',0.78,70361.76,54882.17,4939.4,4939.4,0);
INSERT INTO "invoice_line_items" VALUES(184,68,11,NULL,'770191.0',61.63,7701.91,474668.71,42720.18,42720.18,0);
INSERT INTO "invoice_line_items" VALUES(185,68,4,NULL,'64851.06',1.13,21617.02,24427.23,0,0,4396.9);
INSERT INTO "invoice_line_items" VALUES(186,68,1,NULL,'220967.0',2.12,44193.4,93690.01,0,0,16864.2);
INSERT INTO "invoice_line_items" VALUES(187,69,6,NULL,'3818.7',10.33,381.87,3944.72,355.02,355.02,0);
INSERT INTO "invoice_line_items" VALUES(188,69,3,NULL,'145390.9',2.13,72695.45,154841.31,13935.72,13935.72,0);
INSERT INTO "invoice_line_items" VALUES(189,69,5,NULL,'360918.0',106.85,3609.18,385640.88,34707.68,34707.68,0);
INSERT INTO "invoice_line_items" VALUES(190,69,1,NULL,'4242588.0',105.75,42425.88,4486536.81,0,0,807576.63);
INSERT INTO "invoice_line_items" VALUES(191,70,2,NULL,'604218.25',2.89,120843.65,349238.15,0,0,62862.87);
INSERT INTO "invoice_line_items" VALUES(192,71,1,NULL,'456116.6',5.59,45611.66,254969.18,22947.22,22947.22,0);
INSERT INTO "invoice_line_items" VALUES(193,72,11,NULL,'169304.6',20,8465.23,169304.6,15237.42,15237.42,0);
INSERT INTO "invoice_line_items" VALUES(194,72,5,NULL,'16364.25',5,3272.85,16364.25,1472.79,1472.79,0);
INSERT INTO "invoice_line_items" VALUES(195,72,3,NULL,'3995242.5',50,79904.85,3995242.5,0,0,719143.65);
INSERT INTO "invoice_line_items" VALUES(196,72,1,NULL,'825612.8',20,41280.64,825612.8,74305.15,74305.15,0);
INSERT INTO "invoice_line_items" VALUES(197,73,10,NULL,'44803.65',3.61,14934.55,53913.73,4852.23,4852.23,0);
INSERT INTO "invoice_line_items" VALUES(198,73,4,NULL,'2309003.0',121.81,23090.03,2812596.55,253133.69,253133.69,0);
INSERT INTO "invoice_line_items" VALUES(199,73,11,NULL,'157307.0',23.58,7865.35,185464.95,16691.85,16691.85,0);
INSERT INTO "invoice_line_items" VALUES(200,74,10,NULL,'44803.65',1.2,14882.26,17858.71,1607.29,1607.29,0);
INSERT INTO "invoice_line_items" VALUES(201,74,4,NULL,'2309003.0',36.16,23001.42,831731.35,74855.82,74855.82,0);
INSERT INTO "invoice_line_items" VALUES(202,74,11,NULL,'157307.0',9.06,7833.18,70968.61,0,0,12774.35);
INSERT INTO "invoice_line_items" VALUES(203,75,11,NULL,'85063.3',10,8506.33,85063.3,7655.69,7655.69,0);
INSERT INTO "invoice_line_items" VALUES(204,75,5,NULL,'17774.1',5,3554.82,17774.1,1599.67,1599.67,0);
INSERT INTO "invoice_line_items" VALUES(205,75,1,NULL,'44313.28',1,44313.28,44313.28,0,0,7976.39);
INSERT INTO "invoice_line_items" VALUES(206,75,7,NULL,'9074.1',2,4537.05,9074.1,0,0,1633.34);
INSERT INTO "invoice_line_items" VALUES(207,76,2,NULL,'2216944.0',21.54,110847.2,2387648.69,0,0,429776.76);
INSERT INTO "invoice_line_items" VALUES(208,76,11,NULL,'402307.5',52.1,8046.15,419204.41,37728.39,37728.39,0);
INSERT INTO "invoice_line_items" VALUES(209,76,9,NULL,'320089.3',5.3,64017.86,339294.66,30536.52,30536.52,0);
INSERT INTO "invoice_line_items" VALUES(210,76,3,NULL,'82177.36',1.06,82177.36,87108,0,0,15679.44);
INSERT INTO "invoice_line_items" VALUES(211,77,2,NULL,'2216944.0',8.32,110847.2,922248.7,0,0,166004.77);
INSERT INTO "invoice_line_items" VALUES(212,77,11,NULL,'402307.5',32.63,8046.15,262545.87,23629.13,23629.13,0);
INSERT INTO "invoice_line_items" VALUES(213,77,9,NULL,'320089.3',3.15,64017.86,201656.26,0,0,36298.13);
INSERT INTO "invoice_line_items" VALUES(214,77,3,NULL,'82177.36',0.64,82177.36,52593.51,0,0,9466.83);
INSERT INTO "invoice_line_items" VALUES(215,78,11,NULL,'404468.0',50,8089.36,404468,36402.12,36402.12,0);
INSERT INTO "invoice_line_items" VALUES(216,78,12,NULL,'985.01',1,985.01,985.01,0,0,177.3);
INSERT INTO "invoice_line_items" VALUES(217,79,4,NULL,'47715.58',2,26565.06,53130.12,0,0,9563.42);
INSERT INTO "invoice_line_items" VALUES(218,79,5,NULL,'64294.4',20,3464.17,69283.4,6235.51,6235.51,0);
INSERT INTO "invoice_line_items" VALUES(219,79,12,NULL,'4096.4',5,875.48,4377.4,393.96,393.96,0);
INSERT INTO "invoice_line_items" VALUES(220,79,6,NULL,'18108.0',50,393.29,19664.5,0,0,3539.61);
INSERT INTO "invoice_line_items" VALUES(221,80,2,NULL,'2310202.6',20,115510.13,2310202.6,0,0,415836.47);
INSERT INTO "invoice_line_items" VALUES(222,80,8,NULL,'25312.62',1,25312.62,25312.62,0,0,4556.27);
INSERT INTO "invoice_line_items" VALUES(223,80,6,NULL,'1834.45',5,366.89,1834.45,0,0,330.2);
INSERT INTO "invoice_line_items" VALUES(224,80,4,NULL,'20947.41',1,20947.41,20947.41,1885.27,1885.27,0);
INSERT INTO "invoice_line_items" VALUES(225,81,11,NULL,'8422.94',1,8432.87,8432.87,0,0,1517.92);
INSERT INTO "invoice_line_items" VALUES(226,82,9,NULL,'3183700.5',50,63674.01,3183700.5,0,0,573066.09);
INSERT INTO "invoice_line_items" VALUES(227,82,5,NULL,'9674.73',3,3224.91,9674.73,870.73,870.73,0);
INSERT INTO "invoice_line_items" VALUES(228,82,1,NULL,'90438.94',2,45219.47,90438.94,0,0,16279.01);
INSERT INTO "invoice_line_items" VALUES(229,83,1,NULL,'89997.46',2,49518.6,99037.2,0,0,17826.7);
INSERT INTO "invoice_line_items" VALUES(230,83,11,NULL,'411592.5',50,9182.84,459142,41322.78,41322.78,0);
INSERT INTO "invoice_line_items" VALUES(231,83,12,NULL,'18237.0',20,947.62,18952.4,1705.71,1705.71,0);
INSERT INTO "invoice_line_items" VALUES(232,83,3,NULL,'161843.74',2,85684.66,171369.32,0,0,30846.48);
INSERT INTO "invoice_line_items" VALUES(233,84,9,NULL,'1092887.2',20,54565.57,1091311.4,0,0,196436.05);
INSERT INTO "invoice_line_items" VALUES(234,85,12,NULL,'1716.46',2,858.23,1716.46,154.48,154.48,0);
INSERT INTO "invoice_line_items" VALUES(235,85,2,NULL,'6254012.5',50,125080.25,6254012.5,562861.12,562861.12,0);
INSERT INTO "invoice_line_items" VALUES(236,86,7,NULL,'219951.0',50,4380.41,219020.5,19711.85,19711.85,0);
INSERT INTO "invoice_line_items" VALUES(237,86,1,NULL,'94047.18',2,46904.43,93808.86,0,0,16885.59);
INSERT INTO "invoice_line_items" VALUES(238,86,5,NULL,'17751.85',5,3553.7,17768.5,1599.16,1599.16,0);
INSERT INTO "invoice_line_items" VALUES(239,87,10,NULL,'1450421.0',100,16300.37,1630037,146703.33,146703.33,0);
INSERT INTO "invoice_line_items" VALUES(240,87,7,NULL,'12961.17',3,4595.32,13785.96,0,0,2481.47);
INSERT INTO "invoice_line_items" VALUES(241,87,6,NULL,'1742.65',5,374.25,1871.25,0,0,336.82);
INSERT INTO "invoice_line_items" VALUES(242,88,10,NULL,'1450421.0',61.96,14504.21,898680.85,80881.27,80881.27,0);
INSERT INTO "invoice_line_items" VALUES(243,88,7,NULL,'12961.17',1.38,4320.39,5962.14,536.6,536.6,0);
INSERT INTO "invoice_line_items" VALUES(244,88,6,NULL,'1742.65',2.9,348.53,1010.74,0,0,181.93);
INSERT INTO "invoice_line_items" VALUES(245,89,5,NULL,'10952.01',3,3650.67,10952.01,985.68,985.68,0);
INSERT INTO "invoice_line_items" VALUES(246,89,11,NULL,'365917.0',50,7318.34,365917,0,0,65865.06);
INSERT INTO "invoice_line_items" VALUES(247,90,5,NULL,'10952.01',0.91,3948.76,3593.37,323.4,323.4,0);
INSERT INTO "invoice_line_items" VALUES(248,90,11,NULL,'365917.0',22.78,7986.37,181929.51,16373.66,16373.66,0);
INSERT INTO "invoice_line_items" VALUES(249,91,6,NULL,'32232.0',100,322.32,32232,0,0,5801.76);
INSERT INTO "invoice_line_items" VALUES(250,91,1,NULL,'2439246.5',50,48784.93,2439246.5,219532.18,219532.18,0);
INSERT INTO "invoice_line_items" VALUES(251,92,11,NULL,'40127.95',5,8016.67,40083.35,0,0,7215);
INSERT INTO "invoice_line_items" VALUES(252,92,2,NULL,'347831.25',3,115602.63,346807.89,0,0,62425.42);
INSERT INTO "invoice_line_items" VALUES(253,92,3,NULL,'4093847.0',50,82129.72,4106486,369583.74,369583.74,0);
INSERT INTO "invoice_line_items" VALUES(254,93,8,NULL,'258535.1',8.11,25853.51,209671.97,18870.47,18870.47,0);
INSERT INTO "invoice_line_items" VALUES(255,93,2,NULL,'12066516.0',77.04,120665.16,9296043.93,836643.95,836643.95,0);
INSERT INTO "invoice_line_items" VALUES(256,94,8,NULL,'258535.1',3.41,25832.37,88088.38,7927.95,7927.95,0);
INSERT INTO "invoice_line_items" VALUES(257,94,2,NULL,'12066516.0',49.07,120285.97,5902432.55,0,0,1062437.86);
INSERT INTO "invoice_line_items" VALUES(258,95,1,NULL,'239184.7',5,47967.32,239836.6,21585.29,21585.29,0);
INSERT INTO "invoice_line_items" VALUES(259,95,8,NULL,'2454567.0',100,24548.32,2454832,220934.88,220934.88,0);
INSERT INTO "invoice_line_items" VALUES(260,95,3,NULL,'7373446.0',100,73563.31,7356331,662069.79,662069.79,0);
INSERT INTO "invoice_line_items" VALUES(261,96,2,NULL,'118793.58',1,118831.93,118831.93,10694.88,10694.88,0);
INSERT INTO "invoice_line_items" VALUES(262,96,11,NULL,'171590.4',20,8551.07,171021.4,0,0,30783.85);
INSERT INTO "invoice_line_items" VALUES(263,96,4,NULL,'43463.82',2,21686.85,43373.7,3903.64,3903.64,0);
INSERT INTO "invoice_line_items" VALUES(264,96,5,NULL,'7385.88',2,3709.65,7419.3,667.74,667.74,0);
INSERT INTO "invoice_line_items" VALUES(265,97,2,NULL,'118793.58',0.56,136505.51,76443.09,6879.88,6879.88,0);
INSERT INTO "invoice_line_items" VALUES(266,97,11,NULL,'171590.4',7.5,9728.57,72964.27,0,0,13133.57);
INSERT INTO "invoice_line_items" VALUES(267,97,4,NULL,'43463.82',1.06,24544.41,26017.07,0,0,4683.07);
INSERT INTO "invoice_line_items" VALUES(268,97,5,NULL,'7385.88',0.95,4020.63,3819.6,343.76,343.76,0);
INSERT INTO "invoice_line_items" VALUES(269,98,9,NULL,'5792747.0',123.41,57927.47,7148829.07,0,0,1286789.23);
INSERT INTO "invoice_line_items" VALUES(270,98,5,NULL,'3758.24',1.11,3758.24,4171.65,0,0,750.9);
INSERT INTO "invoice_line_items" VALUES(271,98,6,NULL,'732.34',2.45,366.17,897.12,80.74,80.74,0);
INSERT INTO "invoice_line_items" VALUES(272,98,8,NULL,'2567420.0',123.94,25674.2,3182060.35,286385.43,286385.43,0);
INSERT INTO "invoice_line_items" VALUES(273,99,3,NULL,'1425116.8',20,71216.7,1424334,128190.06,128190.06,0);
INSERT INTO "invoice_line_items" VALUES(274,99,5,NULL,'72303.2',20,3609.5,72190,6497.1,6497.1,0);
INSERT INTO "invoice_line_items" VALUES(275,99,2,NULL,'327728.67',3,109636.54,328909.62,0,0,59203.73);
INSERT INTO "invoice_line_items" VALUES(276,100,5,NULL,'10797.3',3,3594.93,10784.79,0,0,1941.26);
INSERT INTO "invoice_line_items" VALUES(277,100,3,NULL,'205578.51',3,68399.06,205197.18,18467.74,18467.74,0);
INSERT INTO "invoice_line_items" VALUES(278,100,7,NULL,'4599.29',1,4589.03,4589.03,413.01,413.01,0);
INSERT INTO "invoice_line_items" VALUES(279,101,5,NULL,'10797.3',0.93,3599.1,3347.16,301.25,301.25,0);
INSERT INTO "invoice_line_items" VALUES(280,101,3,NULL,'205578.51',1.14,68526.17,78119.83,7030.78,7030.78,0);
INSERT INTO "invoice_line_items" VALUES(281,101,7,NULL,'4599.29',0.3,4599.29,1379.79,0,0,248.36);
CREATE TABLE invoices (
    id INTEGER PRIMARY KEY,
    invoice_number TEXT NOT NULL,
    vendor_id INTEGER REFERENCES vendors(id),
    company_id INTEGER REFERENCES companies(id),
    po_id INTEGER REFERENCES purchase_orders(id),
    invoice_date DATE NOT NULL,
    due_date DATE,
    total_taxable_amount DECIMAL(15,2),
    total_tax DECIMAL(15,2),
    grand_total DECIMAL(15,2),
    currency TEXT DEFAULT 'INR',
    status TEXT CHECK(status IN ('received','validated','approved','rejected','on_hold','paid','partially_paid')),
    deviation_type TEXT,
    deviation_details TEXT,
    approved_by TEXT,
    approval_date DATE,
    created_at TIMESTAMP DEFAULT CURRENT_TIMESTAMP
);
INSERT INTO "invoices" VALUES(1,'INV-08-00001',8,2,1,'2025-09-04','2025-11-03',644063.14,115931.37,759994.51,'INR','validated',NULL,NULL,NULL,NULL,'2025-09-04 00:00:00');
INSERT INTO "invoices" VALUES(2,'INV-03-00002',3,1,2,'2025-05-29','2025-06-28',748829.45,134789.3,883618.75,'INR','validated',NULL,NULL,NULL,NULL,'2025-05-29 00:00:00');
INSERT INTO "invoices" VALUES(3,'INV-03-00003',3,1,2,'2025-06-17','2025-08-01',418778.81,75380.19,494159,'INR','approved',NULL,NULL,'Department Head','2025-06-19','2025-06-17 00:00:00');
INSERT INTO "invoices" VALUES(4,'INV-09-00004',9,1,3,'2026-01-07','2026-02-06',2493229.1,448781.24,2942010.34,'INR','paid',NULL,NULL,'Finance Controller','2026-01-11','2026-01-07 00:00:00');
INSERT INTO "invoices" VALUES(5,'INV-09-00005',9,1,3,'2026-01-29','2026-02-28',1137673.95,204781.31,1342455.26,'INR','partially_paid',NULL,NULL,'Finance Controller','2026-01-30','2026-01-29 00:00:00');
INSERT INTO "invoices" VALUES(6,'INV-07-00006',7,1,4,'2025-12-24','2026-02-07',276011.54,49682.08,325693.62,'INR','validated','Rate Mismatch','Unit rate on one or more line items differs from PO rate by >2%',NULL,NULL,'2025-12-24 00:00:00');
INSERT INTO "invoices" VALUES(7,'INV-03-00007',3,1,5,'2025-08-08','2025-08-23',15771.52,2838.87,18610.39,'INR','validated',NULL,NULL,NULL,NULL,'2025-08-08 00:00:00');
INSERT INTO "invoices" VALUES(8,'INV-15-00008',15,1,6,'2025-05-17','2025-07-16',97824.8,17608.46,115433.26,'INR','validated',NULL,NULL,NULL,NULL,'2025-05-17 00:00:00');
INSERT INTO "invoices" VALUES(9,'INV-01-00009',1,2,7,'2025-06-13','2025-07-28',300353.1,54063.56,354416.66,'INR','received','Missing GRN','No GRN found for referenced PO',NULL,NULL,'2025-06-13 00:00:00');
INSERT INTO "invoices" VALUES(10,'INV-01-00010',1,2,7,'2025-07-07','2025-07-22',184416.8,33195.02,217611.82,'INR','on_hold','Missing GRN','No GRN found for referenced PO',NULL,NULL,'2025-07-07 00:00:00');
INSERT INTO "invoices" VALUES(11,'INV-05-00011',5,1,8,'2025-07-31','2025-09-29',452775.2,81499.54,534274.74,'INR','paid',NULL,NULL,'Department Head','2025-08-02','2025-07-31 00:00:00');
INSERT INTO "invoices" VALUES(12,'INV-05-00012',5,1,9,'2025-11-27','2026-01-26',757168.22,136290.28,893458.5,'INR','validated',NULL,NULL,NULL,NULL,'2025-11-27 00:00:00');
INSERT INTO "invoices" VALUES(13,'INV-05-00013',5,1,9,'2025-11-01','2025-11-16',416417.58,74955.16,491372.74,'INR','validated',NULL,NULL,NULL,NULL,'2025-11-01 00:00:00');
INSERT INTO "invoices" VALUES(14,'INV-11-00014',11,1,10,'2025-10-25','2025-11-09',6297246.38,1133504.35,7430750.73,'INR','approved',NULL,NULL,'CFO','2025-10-28','2025-10-25 00:00:00');
INSERT INTO "invoices" VALUES(15,'INV-11-00015',11,1,11,'2025-10-27','2025-12-26',9688.76,1743.98,11432.74,'INR','approved',NULL,NULL,'System (Auto)','2025-10-31','2025-10-27 00:00:00');
INSERT INTO "invoices" VALUES(16,'INV-01-00016',1,1,12,'2025-07-28','2025-09-26',1739704.1,313146.74,2052850.84,'INR','validated',NULL,NULL,NULL,NULL,'2025-07-28 00:00:00');
INSERT INTO "invoices" VALUES(17,'INV-01-00017',1,1,12,'2025-09-11','2025-11-10',890280.94,160250.57,1050531.51,'INR','paid',NULL,NULL,'Finance Controller','2025-09-16','2025-09-11 00:00:00');
INSERT INTO "invoices" VALUES(18,'INV-15-00018',15,2,13,'2025-12-31','2026-01-30',7454678.65,1341842.16,8796520.81,'INR','paid',NULL,NULL,'CFO','2026-01-04','2025-12-31 00:00:00');
INSERT INTO "invoices" VALUES(19,'INV-14-00019',14,2,14,'2025-05-23','2025-06-07',69703.47,12546.62,82250.09,'INR','approved',NULL,NULL,'System (Auto)','2025-05-27','2025-05-23 00:00:00');
INSERT INTO "invoices" VALUES(20,'INV-08-00020',8,1,15,'2025-11-30','2025-12-15',2679515.82,482312.85,3161828.67,'INR','validated',NULL,NULL,NULL,NULL,'2025-11-30 00:00:00');
INSERT INTO "invoices" VALUES(21,'INV-13-00021',13,1,16,'2025-07-15','2025-07-30',203054.58,36549.82,239604.4,'INR','rejected','Amount Mismatch > 10%','Invoice total 239604.4 exceeds PO total 202231.94 by more than 10%',NULL,NULL,'2025-07-15 00:00:00');
INSERT INTO "invoices" VALUES(22,'INV-13-00022',13,1,16,'2025-07-14','2025-08-28',84697.48,15245.55,99943.03,'INR','paid',NULL,NULL,'System (Auto)','2025-07-18','2025-07-14 00:00:00');
INSERT INTO "invoices" VALUES(23,'INV-11-00023',11,2,17,'2025-12-28','2026-02-26',5967057.6,1074070.37,7041127.97,'INR','paid',NULL,NULL,'CFO','2025-12-30','2025-12-28 00:00:00');
INSERT INTO "invoices" VALUES(24,'INV-05-00024',5,1,18,'2025-05-25','2025-07-09',6102618.75,1098471.38,7201090.13,'INR','paid',NULL,NULL,'CFO','2025-05-28','2025-05-25 00:00:00');
INSERT INTO "invoices" VALUES(25,'INV-02-00025',2,1,19,'2025-06-11','2025-07-26',2188357.73,393904.39,2582262.12,'INR','paid',NULL,NULL,'Finance Controller','2025-06-14','2025-06-11 00:00:00');
INSERT INTO "invoices" VALUES(26,'INV-06-00026',6,1,20,'2025-08-18','2025-09-02',420340.69,75661.32,496002.01,'INR','validated','Rate Mismatch','Unit rate on one or more line items differs from PO rate by >2%',NULL,NULL,'2025-08-18 00:00:00');
INSERT INTO "invoices" VALUES(27,'INV-05-00027',5,1,21,'2025-09-12','2025-10-27',744456.9,134002.24,878459.14,'INR','received','Missing GRN','No GRN found for referenced PO',NULL,NULL,'2025-09-12 00:00:00');
INSERT INTO "invoices" VALUES(28,'INV-09-00028',9,2,22,'2025-07-06','2025-08-05',92006,16561.08,108567.08,'INR','approved',NULL,NULL,'Department Head','2025-07-11','2025-07-06 00:00:00');
INSERT INTO "invoices" VALUES(29,'INV-14-00029',14,2,23,'2026-01-02','2026-01-17',782635.32,140874.36,923509.68,'INR','on_hold','Missing GRN','No GRN found for referenced PO',NULL,NULL,'2026-01-02 00:00:00');
INSERT INTO "invoices" VALUES(30,'INV-11-00030',11,2,24,'2025-06-19','2025-07-19',6150819.25,1107147.46,7257966.71,'INR','approved',NULL,NULL,'CFO','2025-06-20','2025-06-19 00:00:00');
INSERT INTO "invoices" VALUES(31,'INV-11-00031',11,2,24,'2025-05-12','2025-06-11',2790552.6,502299.47,3292852.07,'INR','paid',NULL,NULL,'Finance Controller','2025-05-14','2025-05-12 00:00:00');
INSERT INTO "invoices" VALUES(32,'INV-09-00032',9,1,25,'2025-10-17','2025-12-16',7694625.8,1385032.64,9079658.44,'INR','paid',NULL,NULL,'CFO','2025-10-18','2025-10-17 00:00:00');
INSERT INTO "invoices" VALUES(33,'INV-12-00033',12,1,26,'2025-08-13','2025-10-12',124834.9,22470.28,147305.18,'INR','approved',NULL,NULL,'Department Head','2025-08-15','2025-08-13 00:00:00');
INSERT INTO "invoices" VALUES(34,'INV-07-00034',7,1,27,'2025-12-30','2026-02-28',4340.58,781.3,5121.88,'INR','partially_paid',NULL,NULL,'System (Auto)','2026-01-03','2025-12-30 00:00:00');
INSERT INTO "invoices" VALUES(35,'INV-15-00035',15,1,28,'2025-07-21','2025-09-19',548765.2,98777.74,647542.94,'INR','partially_paid',NULL,NULL,'Department Head','2025-07-26','2025-07-21 00:00:00');
INSERT INTO "invoices" VALUES(36,'INV-11-00036',11,2,29,'2025-04-28','2025-05-28',1720160.87,309628.96,2029789.83,'INR','partially_paid',NULL,NULL,'Finance Controller','2025-05-02','2025-04-28 00:00:00');
INSERT INTO "invoices" VALUES(37,'INV-15-00037',15,1,30,'2025-12-27','2026-02-10',1504231.16,270761.61,1774992.77,'INR','on_hold','Amount Mismatch > 10%','Invoice total 1774992.77 exceeds PO total 1465897.36 by more than 10%',NULL,NULL,'2025-12-27 00:00:00');
INSERT INTO "invoices" VALUES(38,'INV-15-00038',15,1,30,'2025-12-19','2026-02-17',584510.26,105211.85,689722.11,'INR','validated','Rate Mismatch','Unit rate on one or more line items differs from PO rate by >2%',NULL,NULL,'2025-12-19 00:00:00');
INSERT INTO "invoices" VALUES(39,'INV-10-00039',10,2,31,'2025-06-21','2025-08-20',773169.95,139170.59,912340.54,'INR','received','Missing GRN','No GRN found for referenced PO',NULL,NULL,'2025-06-21 00:00:00');
INSERT INTO "invoices" VALUES(40,'INV-10-00040',10,2,31,'2025-06-09','2025-06-24',345351.53,62163.28,407514.81,'INR','received','Missing GRN','No GRN found for referenced PO',NULL,NULL,'2025-06-09 00:00:00');
INSERT INTO "invoices" VALUES(41,'INV-10-00041',10,1,32,'2025-05-31','2025-07-15',1745981,314276.58,2060257.58,'INR','partially_paid',NULL,NULL,'Finance Controller','2025-06-05','2025-05-31 00:00:00');
INSERT INTO "invoices" VALUES(42,'INV-10-00042',10,1,32,'2025-06-06','2025-06-21',724799.18,130463.85,855263.03,'INR','approved',NULL,NULL,'Department Head','2025-06-11','2025-06-06 00:00:00');
INSERT INTO "invoices" VALUES(43,'INV-03-00043',3,1,33,'2025-06-15','2025-06-30',6641015.82,1195382.85,7836398.67,'INR','approved',NULL,NULL,'CFO','2025-06-19','2025-06-15 00:00:00');
INSERT INTO "invoices" VALUES(44,'INV-03-00044',3,1,33,'2025-07-14','2025-08-28',2235422.88,402376.12,2637799,'INR','paid',NULL,NULL,'Finance Controller','2025-07-15','2025-07-14 00:00:00');
INSERT INTO "invoices" VALUES(45,'INV-11-00045',11,1,34,'2025-07-25','2025-08-24',3854513.77,693812.48,4548326.25,'INR','paid',NULL,NULL,'Finance Controller','2025-07-30','2025-07-25 00:00:00');
INSERT INTO "invoices" VALUES(46,'INV-01-00046',1,1,35,'2025-07-29','2025-08-13',25905.57,4663,30568.57,'INR','paid',NULL,NULL,'System (Auto)','2025-08-02','2025-07-29 00:00:00');
INSERT INTO "invoices" VALUES(47,'INV-13-00047',13,1,36,'2025-11-27','2025-12-27',402345.31,72422.16,474767.47,'INR','rejected','Amount Mismatch > 10%','Invoice total 474767.47 exceeds PO total 415224.3 by more than 10%',NULL,NULL,'2025-11-27 00:00:00');
INSERT INTO "invoices" VALUES(48,'INV-12-00048',12,2,37,'2025-06-18','2025-08-17',940914.19,169364.55,1110278.74,'INR','paid',NULL,NULL,'Finance Controller','2025-06-19','2025-06-18 00:00:00');
INSERT INTO "invoices" VALUES(49,'INV-12-00049',12,2,37,'2025-08-01','2025-09-15',752975.08,135535.51,888510.59,'INR','paid',NULL,NULL,'Department Head','2025-08-06','2025-08-01 00:00:00');
INSERT INTO "invoices" VALUES(50,'INV-11-00050',11,1,38,'2025-08-01','2025-09-30',1812789.98,326302.2,2139092.18,'INR','paid',NULL,NULL,'Finance Controller','2025-08-05','2025-08-01 00:00:00');
INSERT INTO "invoices" VALUES(51,'INV-03-00051',3,1,39,'2025-10-21','2025-11-20',987809.31,177805.68,1165614.99,'INR','approved',NULL,NULL,'Finance Controller','2025-10-23','2025-10-21 00:00:00');
INSERT INTO "invoices" VALUES(52,'INV-03-00052',3,1,39,'2025-10-18','2025-12-17',442100.61,79578.11,521678.72,'INR','partially_paid',NULL,NULL,'Department Head','2025-10-23','2025-10-18 00:00:00');
INSERT INTO "invoices" VALUES(53,'INV-14-00053',14,1,40,'2025-05-16','2025-05-31',3787663.93,681779.51,4469443.44,'INR','paid',NULL,NULL,'Finance Controller','2025-05-18','2025-05-16 00:00:00');
INSERT INTO "invoices" VALUES(54,'INV-14-00054',14,2,41,'2025-04-26','2025-05-11',287224.04,51700.33,338924.37,'INR','validated',NULL,NULL,NULL,NULL,'2025-04-26 00:00:00');
INSERT INTO "invoices" VALUES(55,'INV-13-00055',13,1,42,'2025-10-24','2025-11-23',221392.15,39850.59,261242.74,'INR','approved',NULL,NULL,'Department Head','2025-10-26','2025-10-24 00:00:00');
INSERT INTO "invoices" VALUES(56,'INV-03-00056',3,1,43,'2025-10-13','2025-11-27',58685.44,10563.38,69248.82,'INR','validated',NULL,NULL,NULL,NULL,'2025-10-13 00:00:00');
INSERT INTO "invoices" VALUES(57,'INV-13-00057',13,1,44,'2025-05-02','2025-06-01',6818244.53,1227284.02,8045528.55,'INR','approved',NULL,NULL,'CFO','2025-05-03','2025-05-02 00:00:00');
INSERT INTO "invoices" VALUES(58,'INV-07-00058',7,2,45,'2025-11-09','2025-12-24',2258664.6,406559.63,2665224.23,'INR','received','Missing GRN','No GRN found for referenced PO',NULL,NULL,'2025-11-09 00:00:00');
INSERT INTO "invoices" VALUES(59,'INV-03-00059',3,2,46,'2025-12-24','2026-01-23',19281.2,3470.62,22751.82,'INR','validated','Rate Mismatch','Unit rate on one or more line items differs from PO rate by >2%',NULL,NULL,'2025-12-24 00:00:00');
INSERT INTO "invoices" VALUES(60,'INV-01-00060',1,1,47,'2025-09-06','2025-11-05',874226.13,157360.7,1031586.83,'INR','validated','Rate Mismatch','Unit rate on one or more line items differs from PO rate by >2%',NULL,NULL,'2025-09-06 00:00:00');
INSERT INTO "invoices" VALUES(61,'INV-04-00061',4,1,48,'2025-05-20','2025-06-04',2208790.74,397582.33,2606373.07,'INR','paid',NULL,NULL,'Finance Controller','2025-05-21','2025-05-20 00:00:00');
INSERT INTO "invoices" VALUES(62,'INV-02-00062',2,2,49,'2026-02-06','2026-03-23',430618.59,77511.35,508129.94,'INR','approved',NULL,NULL,'Department Head','2026-02-11','2026-02-06 00:00:00');
INSERT INTO "invoices" VALUES(63,'INV-03-00063',3,1,50,'2025-09-28','2025-11-27',60545.56,10898.2,71443.76,'INR','partially_paid',NULL,NULL,'System (Auto)','2025-10-02','2025-09-28 00:00:00');
INSERT INTO "invoices" VALUES(64,'INV-08-00064',8,1,51,'2025-07-15','2025-09-13',977535.39,175956.37,1153491.76,'INR','paid',NULL,NULL,'Finance Controller','2025-07-19','2025-07-15 00:00:00');
INSERT INTO "invoices" VALUES(65,'INV-01-00065',1,1,52,'2026-01-09','2026-01-24',1549757.23,278956.3,1828713.53,'INR','approved',NULL,NULL,'Finance Controller','2026-01-14','2026-01-09 00:00:00');
INSERT INTO "invoices" VALUES(66,'INV-13-00066',13,1,53,'2026-02-14','2026-03-01',4777006.83,859861.23,5636868.06,'INR','paid',NULL,NULL,'CFO','2026-02-19','2026-02-14 00:00:00');
INSERT INTO "invoices" VALUES(67,'INV-10-00067',10,2,54,'2026-02-17','2026-03-04',1280743.46,230533.82,1511277.28,'INR','received','Missing GRN','No GRN found for referenced PO',NULL,NULL,'2026-02-17 00:00:00');
INSERT INTO "invoices" VALUES(68,'INV-10-00068',10,2,54,'2026-02-13','2026-03-30',647668.12,116580.26,764248.38,'INR','received','Missing GRN','No GRN found for referenced PO',NULL,NULL,'2026-02-13 00:00:00');
INSERT INTO "invoices" VALUES(69,'INV-05-00069',5,1,55,'2025-11-21','2025-12-21',5030963.72,905573.47,5936537.19,'INR','paid',NULL,NULL,'CFO','2025-11-25','2025-11-21 00:00:00');
INSERT INTO "invoices" VALUES(70,'INV-13-00070',13,1,56,'2025-09-12','2025-11-11',349238.15,62862.87,412101.02,'INR','received','Missing GRN','No GRN found for referenced PO',NULL,NULL,'2025-09-12 00:00:00');
INSERT INTO "invoices" VALUES(71,'INV-13-00071',13,2,57,'2025-10-02','2025-12-01',254969.18,45894.45,300863.63,'INR','received','Missing GRN','No GRN found for referenced PO',NULL,NULL,'2025-10-02 00:00:00');
INSERT INTO "invoices" VALUES(72,'INV-04-00072',4,1,58,'2025-08-15','2025-08-30',5006524.15,901174.35,5907698.5,'INR','approved',NULL,NULL,'CFO','2025-08-19','2025-08-15 00:00:00');
INSERT INTO "invoices" VALUES(73,'INV-15-00073',15,1,59,'2025-10-27','2025-11-26',3051975.23,549355.54,3601330.77,'INR','on_hold','Amount Mismatch > 10%','Invoice total 3601330.77 exceeds PO total 2963114.11 by more than 10%',NULL,NULL,'2025-10-27 00:00:00');
INSERT INTO "invoices" VALUES(74,'INV-15-00074',15,1,59,'2025-09-09','2025-10-09',920558.67,165700.56,1086259.23,'INR','received','Missing GRN','No GRN found for referenced PO',NULL,NULL,'2025-09-09 00:00:00');
INSERT INTO "invoices" VALUES(75,'INV-03-00075',3,2,60,'2025-06-06','2025-06-21',156224.78,28120.46,184345.24,'INR','received','Missing GRN','No GRN found for referenced PO',NULL,NULL,'2025-06-06 00:00:00');
INSERT INTO "invoices" VALUES(76,'INV-06-00076',6,2,61,'2025-10-20','2025-12-19',3233255.76,581986.04,3815241.8,'INR','approved',NULL,NULL,'Finance Controller','2025-10-21','2025-10-20 00:00:00');
INSERT INTO "invoices" VALUES(77,'INV-06-00077',6,2,61,'2025-11-01','2025-12-01',1439044.34,259027.98,1698072.32,'INR','on_hold','Amount Mismatch > 10%','Invoice total 1698072.32 exceeds PO total 3565391.43 by more than 10%',NULL,NULL,'2025-11-01 00:00:00');
INSERT INTO "invoices" VALUES(78,'INV-07-00078',7,1,62,'2025-05-20','2025-07-19',405453.01,72981.54,478434.55,'INR','approved',NULL,NULL,'Department Head','2025-05-24','2025-05-20 00:00:00');
INSERT INTO "invoices" VALUES(79,'INV-09-00079',9,2,63,'2025-08-02','2025-10-01',146455.42,26361.98,172817.4,'INR','validated','Rate Mismatch','Unit rate on one or more line items differs from PO rate by >2%',NULL,NULL,'2025-08-02 00:00:00');
INSERT INTO "invoices" VALUES(80,'INV-05-00080',5,1,64,'2026-01-30','2026-03-16',2358297.08,424493.47,2782790.55,'INR','partially_paid',NULL,NULL,'Finance Controller','2026-02-02','2026-01-30 00:00:00');
INSERT INTO "invoices" VALUES(81,'INV-15-00081',15,1,65,'2025-05-27','2025-07-26',8432.87,1517.92,9950.79,'INR','paid',NULL,NULL,'System (Auto)','2025-05-31','2025-05-27 00:00:00');
INSERT INTO "invoices" VALUES(82,'INV-01-00082',1,2,66,'2025-05-30','2025-06-29',3283814.17,591086.55,3874900.72,'INR','validated',NULL,NULL,NULL,NULL,'2025-05-30 00:00:00');
INSERT INTO "invoices" VALUES(83,'INV-02-00083',2,2,67,'2025-11-07','2025-11-22',748500.92,134730.17,883231.09,'INR','validated','Rate Mismatch','Unit rate on one or more line items differs from PO rate by >2%',NULL,NULL,'2025-11-07 00:00:00');
INSERT INTO "invoices" VALUES(84,'INV-11-00084',11,1,68,'2025-08-07','2025-10-06',1091311.4,196436.05,1287747.45,'INR','paid',NULL,NULL,'Finance Controller','2025-08-09','2025-08-07 00:00:00');
INSERT INTO "invoices" VALUES(85,'INV-07-00085',7,1,69,'2025-10-24','2025-12-08',6255728.96,1126031.21,7381760.17,'INR','paid',NULL,NULL,'CFO','2025-10-29','2025-10-24 00:00:00');
INSERT INTO "invoices" VALUES(86,'INV-01-00086',1,1,70,'2025-06-20','2025-08-04',330597.86,59507.61,390105.47,'INR','validated',NULL,NULL,NULL,NULL,'2025-06-20 00:00:00');
INSERT INTO "invoices" VALUES(87,'INV-03-00087',3,1,71,'2025-11-14','2026-01-13',1645694.21,296224.96,1941919.17,'INR','on_hold','Rate Mismatch','Unit rate on one or more line items differs from PO rate by >2%',NULL,NULL,'2025-11-14 00:00:00');
INSERT INTO "invoices" VALUES(88,'INV-03-00088',3,1,71,'2025-12-03','2026-01-02',905653.73,163017.67,1068671.4,'INR','received','Missing GRN','No GRN found for referenced PO',NULL,NULL,'2025-12-03 00:00:00');
INSERT INTO "invoices" VALUES(89,'INV-11-00089',11,2,72,'2025-10-14','2025-10-29',376869.01,67836.42,444705.43,'INR','partially_paid',NULL,NULL,'Department Head','2025-10-19','2025-10-14 00:00:00');
INSERT INTO "invoices" VALUES(90,'INV-11-00090',11,2,72,'2025-10-28','2025-12-12',185522.88,33394.12,218917,'INR','on_hold','Rate Mismatch','Unit rate on one or more line items differs from PO rate by >2%',NULL,NULL,'2025-10-28 00:00:00');
INSERT INTO "invoices" VALUES(91,'INV-08-00091',8,1,73,'2025-12-23','2026-02-21',2471478.5,444866.13,2916344.63,'INR','validated',NULL,NULL,NULL,NULL,'2025-12-23 00:00:00');
INSERT INTO "invoices" VALUES(92,'INV-05-00092',5,1,74,'2025-05-01','2025-06-30',4493377.24,808807.9,5302185.14,'INR','validated',NULL,NULL,NULL,NULL,'2025-05-01 00:00:00');
INSERT INTO "invoices" VALUES(93,'INV-13-00093',13,1,75,'2025-10-30','2025-11-29',9505715.9,1711028.86,11216744.76,'INR','partially_paid',NULL,NULL,'CFO','2025-11-02','2025-10-30 00:00:00');
INSERT INTO "invoices" VALUES(94,'INV-13-00094',13,1,75,'2025-11-04','2025-12-04',5990520.93,1078293.77,7068814.7,'INR','partially_paid',NULL,NULL,'CFO','2025-11-09','2025-11-04 00:00:00');
INSERT INTO "invoices" VALUES(95,'INV-14-00095',14,2,76,'2025-06-23','2025-08-22',10050999.6,1809179.93,11860179.53,'INR','approved',NULL,NULL,'CFO','2025-06-28','2025-06-23 00:00:00');
INSERT INTO "invoices" VALUES(96,'INV-01-00096',1,2,77,'2025-09-17','2025-10-02',340646.33,61316.34,401962.67,'INR','validated',NULL,NULL,NULL,NULL,'2025-09-17 00:00:00');
INSERT INTO "invoices" VALUES(97,'INV-01-00097',1,2,77,'2025-08-05','2025-10-04',179244.03,32263.93,211507.96,'INR','validated','Rate Mismatch','Unit rate on one or more line items differs from PO rate by >2%',NULL,NULL,'2025-08-05 00:00:00');
INSERT INTO "invoices" VALUES(98,'INV-07-00098',7,2,78,'2025-06-02','2025-08-01',10335958.19,1860472.47,12196430.66,'INR','rejected','Amount Mismatch > 10%','Invoice total 12196430.66 exceeds PO total 9870295.94 by more than 10%',NULL,NULL,'2025-06-02 00:00:00');
INSERT INTO "invoices" VALUES(99,'INV-01-00099',1,2,79,'2025-06-22','2025-07-22',1825433.62,328578.05,2154011.67,'INR','paid',NULL,NULL,'Finance Controller','2025-06-23','2025-06-22 00:00:00');
INSERT INTO "invoices" VALUES(100,'INV-12-00100',12,1,80,'2025-09-23','2025-10-08',220571,39702.78,260273.78,'INR','paid',NULL,NULL,'Department Head','2025-09-28','2025-09-23 00:00:00');
INSERT INTO "invoices" VALUES(101,'INV-12-00101',12,1,80,'2025-10-03','2025-10-18',82846.78,14912.42,97759.2,'INR','paid',NULL,NULL,'System (Auto)','2025-10-07','2025-10-03 00:00:00');
CREATE TABLE payments (
    id INTEGER PRIMARY KEY,
    invoice_id INTEGER REFERENCES invoices(id),
    payment_date DATE NOT NULL,
    amount DECIMAL(15,2),
    payment_mode TEXT CHECK(payment_mode IN ('NEFT','RTGS','UPI','cheque')),
    reference_number TEXT,
    bank_account TEXT
);
INSERT INTO "payments" VALUES(1,4,'2026-02-06',2942010.34,'RTGS','TXN946721','HDFC-XXXX1234');
INSERT INTO "payments" VALUES(2,5,'2026-03-12',752963.99,'NEFT','TXN246991','HDFC-XXXX1234');
INSERT INTO "payments" VALUES(3,11,'2025-09-11',534274.74,'NEFT','TXN143860','HDFC-XXXX1234');
INSERT INTO "payments" VALUES(4,17,'2025-11-03',1050531.51,'RTGS','TXN891937','HDFC-XXXX1234');
INSERT INTO "payments" VALUES(5,18,'2026-02-21',8796520.81,'UPI','TXN120480','HDFC-XXXX1234');
INSERT INTO "payments" VALUES(6,22,'2025-08-04',99943.03,'RTGS','TXN479781','HDFC-XXXX1234');
INSERT INTO "payments" VALUES(7,23,'2026-02-03',7041127.97,'RTGS','TXN456871','HDFC-XXXX1234');
INSERT INTO "payments" VALUES(8,24,'2025-06-28',7201090.13,'RTGS','TXN341736','HDFC-XXXX1234');
INSERT INTO "payments" VALUES(9,25,'2025-07-26',2582262.12,'RTGS','TXN561865','HDFC-XXXX1234');
INSERT INTO "payments" VALUES(10,31,'2025-06-20',3292852.07,'NEFT','TXN728492','HDFC-XXXX1234');
INSERT INTO "payments" VALUES(11,32,'2025-12-04',9079658.44,'RTGS','TXN116093','HDFC-XXXX1234');
INSERT INTO "payments" VALUES(12,34,'2026-01-29',3429.98,'NEFT','TXN587853','HDFC-XXXX1234');
INSERT INTO "payments" VALUES(13,35,'2025-10-03',316369.55,'NEFT','TXN970357','HDFC-XXXX1234');
INSERT INTO "payments" VALUES(14,36,'2025-06-20',1257876.85,'NEFT','TXN194511','HDFC-XXXX1234');
INSERT INTO "payments" VALUES(15,41,'2025-08-24',968114.22,'NEFT','TXN911984','HDFC-XXXX1234');
INSERT INTO "payments" VALUES(16,44,'2025-08-18',2637799,'RTGS','TXN427704','HDFC-XXXX1234');
INSERT INTO "payments" VALUES(17,45,'2025-09-21',4548326.25,'UPI','TXN683783','HDFC-XXXX1234');
INSERT INTO "payments" VALUES(18,46,'2025-09-08',30568.57,'RTGS','TXN326040','HDFC-XXXX1234');
INSERT INTO "payments" VALUES(19,48,'2025-08-05',1110278.74,'UPI','TXN303322','HDFC-XXXX1234');
INSERT INTO "payments" VALUES(20,49,'2025-09-13',888510.59,'UPI','TXN691912','HDFC-XXXX1234');
INSERT INTO "payments" VALUES(21,50,'2025-09-18',2139092.18,'UPI','TXN739427','HDFC-XXXX1234');
INSERT INTO "payments" VALUES(22,52,'2025-12-11',232812.6,'NEFT','TXN289630','HDFC-XXXX1234');
INSERT INTO "payments" VALUES(23,53,'2025-06-27',4469443.44,'NEFT','TXN332823','HDFC-XXXX1234');
INSERT INTO "payments" VALUES(24,61,'2025-06-12',2606373.07,'RTGS','TXN773540','HDFC-XXXX1234');
INSERT INTO "payments" VALUES(25,63,'2025-12-18',43259,'NEFT','TXN411882','HDFC-XXXX1234');
INSERT INTO "payments" VALUES(26,64,'2025-08-30',1153491.76,'RTGS','TXN621530','HDFC-XXXX1234');
INSERT INTO "payments" VALUES(27,66,'2026-03-15',5636868.06,'UPI','TXN153849','HDFC-XXXX1234');
INSERT INTO "payments" VALUES(28,69,'2026-01-05',5936537.19,'UPI','TXN309144','HDFC-XXXX1234');
INSERT INTO "payments" VALUES(29,80,'2026-04-16',1569393.41,'NEFT','TXN292988','HDFC-XXXX1234');
INSERT INTO "payments" VALUES(30,81,'2025-07-23',9950.79,'RTGS','TXN116495','HDFC-XXXX1234');
INSERT INTO "payments" VALUES(31,84,'2025-10-04',1287747.45,'UPI','TXN792764','HDFC-XXXX1234');
INSERT INTO "payments" VALUES(32,85,'2025-12-10',7381760.17,'RTGS','TXN208310','HDFC-XXXX1234');
INSERT INTO "payments" VALUES(33,89,'2025-12-24',268264.8,'NEFT','TXN519029','HDFC-XXXX1234');
INSERT INTO "payments" VALUES(34,93,'2025-12-18',4880233.71,'NEFT','TXN491439','HDFC-XXXX1234');
INSERT INTO "payments" VALUES(35,94,'2025-12-22',3125044.94,'NEFT','TXN429861','HDFC-XXXX1234');
INSERT INTO "payments" VALUES(36,99,'2025-07-21',2154011.67,'RTGS','TXN193670','HDFC-XXXX1234');
INSERT INTO "payments" VALUES(37,100,'2025-11-15',260273.78,'UPI','TXN737107','HDFC-XXXX1234');
INSERT INTO "payments" VALUES(38,101,'2025-10-25',97759.2,'NEFT','TXN623850','HDFC-XXXX1234');
CREATE TABLE po_line_items (
    id INTEGER PRIMARY KEY,
    po_id INTEGER REFERENCES purchase_orders(id),
    product_id INTEGER REFERENCES products(id),
    quantity DECIMAL(10,2),
    unit_rate DECIMAL(12,2),
    total_amount DECIMAL(15,2),
    tax_rate DECIMAL(5,2) DEFAULT 18.00
);
INSERT INTO "po_line_items" VALUES(1,1,1,20,44110.48,882209.6,18);
INSERT INTO "po_line_items" VALUES(2,1,4,2,20728.32,41456.64,18);
INSERT INTO "po_line_items" VALUES(3,1,12,20,848.27,16965.4,18);
INSERT INTO "po_line_items" VALUES(4,2,7,10,4923.97,49239.7,18);
INSERT INTO "po_line_items" VALUES(5,2,10,1,15540.85,15540.85,18);
INSERT INTO "po_line_items" VALUES(6,2,8,2,25908.55,51817.1,18);
INSERT INTO "po_line_items" VALUES(7,2,9,10,63223.18,632231.8,18);
INSERT INTO "po_line_items" VALUES(8,3,4,50,24178.66,1208933,18);
INSERT INTO "po_line_items" VALUES(9,3,9,20,59257.2,1185144,18);
INSERT INTO "po_line_items" VALUES(10,3,12,100,831.78,83178,18);
INSERT INTO "po_line_items" VALUES(11,3,5,5,3194.82,15974.1,18);
INSERT INTO "po_line_items" VALUES(12,4,2,2,109214.12,218428.24,18);
INSERT INTO "po_line_items" VALUES(13,4,8,1,27344.98,27344.98,18);
INSERT INTO "po_line_items" VALUES(14,5,10,1,15743.93,15743.93,18);
INSERT INTO "po_line_items" VALUES(15,6,7,20,4891.24,97824.8,18);
INSERT INTO "po_line_items" VALUES(16,7,9,5,60070.62,300353.1,18);
INSERT INTO "po_line_items" VALUES(17,8,5,20,3292.52,65850.4,18);
INSERT INTO "po_line_items" VALUES(18,8,10,10,15016.23,150162.3,18);
INSERT INTO "po_line_items" VALUES(19,8,4,10,23783.48,237834.8,18);
INSERT INTO "po_line_items" VALUES(20,9,11,2,7765.89,15531.78,18);
INSERT INTO "po_line_items" VALUES(21,9,4,50,24084.88,1204244,18);
INSERT INTO "po_line_items" VALUES(22,10,2,50,124308.43,6215421.5,18);
INSERT INTO "po_line_items" VALUES(23,10,5,20,3807.47,76149.4,18);
INSERT INTO "po_line_items" VALUES(24,10,6,2,376.39,752.78,18);
INSERT INTO "po_line_items" VALUES(25,11,12,10,901.28,9012.8,18);
INSERT INTO "po_line_items" VALUES(26,12,10,100,14826.48,1482648,18);
INSERT INTO "po_line_items" VALUES(27,12,12,5,902.01,4510.05,18);
INSERT INTO "po_line_items" VALUES(28,12,6,3,361.12,1083.36,18);
INSERT INTO "po_line_items" VALUES(29,12,8,10,25077.26,250772.6,18);
INSERT INTO "po_line_items" VALUES(30,13,9,100,57110.3,5711030,18);
INSERT INTO "po_line_items" VALUES(31,13,8,5,26699.31,133496.55,18);
INSERT INTO "po_line_items" VALUES(32,13,3,10,78987.21,789872.1,18);
INSERT INTO "po_line_items" VALUES(33,13,11,100,8202.8,820280,18);
INSERT INTO "po_line_items" VALUES(34,14,5,5,3491.76,17458.8,18);
INSERT INTO "po_line_items" VALUES(35,14,7,10,4442.25,44422.5,18);
INSERT INTO "po_line_items" VALUES(36,14,11,1,7822.17,7822.17,18);
INSERT INTO "po_line_items" VALUES(37,15,7,100,4067.44,406744,18);
INSERT INTO "po_line_items" VALUES(38,15,5,1,3849.94,3849.94,18);
INSERT INTO "po_line_items" VALUES(39,15,2,20,113381.33,2267626.6,18);
INSERT INTO "po_line_items" VALUES(40,16,5,50,3427.66,171383,18);
INSERT INTO "po_line_items" VALUES(41,17,12,10,920.86,9208.6,18);
INSERT INTO "po_line_items" VALUES(42,17,9,100,59578.49,5957849,18);
INSERT INTO "po_line_items" VALUES(43,18,2,50,119725.87,5986293.5,18);
INSERT INTO "po_line_items" VALUES(44,18,4,5,22838.68,114193.4,18);
INSERT INTO "po_line_items" VALUES(45,19,4,100,21016.6,2101660,18);
INSERT INTO "po_line_items" VALUES(46,19,12,10,986.49,9864.9,18);
INSERT INTO "po_line_items" VALUES(47,20,2,2,121848.51,243697.02,18);
INSERT INTO "po_line_items" VALUES(48,20,12,1,837.31,837.31,18);
INSERT INTO "po_line_items" VALUES(49,20,7,10,4126.66,41266.6,18);
INSERT INTO "po_line_items" VALUES(50,20,8,5,23092.26,115461.3,18);
INSERT INTO "po_line_items" VALUES(51,21,12,5,976.3,4881.5,18);
INSERT INTO "po_line_items" VALUES(52,21,8,5,24625.69,123128.45,18);
INSERT INTO "po_line_items" VALUES(53,21,2,5,123543.23,617716.15,18);
INSERT INTO "po_line_items" VALUES(54,22,7,20,4593.34,91866.8,18);
INSERT INTO "po_line_items" VALUES(55,23,7,2,4821.96,9643.92,18);
INSERT INTO "po_line_items" VALUES(56,23,6,20,343.82,6876.4,18);
INSERT INTO "po_line_items" VALUES(57,23,11,100,7661.15,766115,18);
INSERT INTO "po_line_items" VALUES(58,24,9,100,61504.9,6150490,18);
INSERT INTO "po_line_items" VALUES(59,24,6,1,329.25,329.25,18);
INSERT INTO "po_line_items" VALUES(60,25,6,10,365.82,3658.2,18);
INSERT INTO "po_line_items" VALUES(61,25,9,100,64383.13,6438313,18);
INSERT INTO "po_line_items" VALUES(62,25,5,100,3527.01,352701,18);
INSERT INTO "po_line_items" VALUES(63,25,1,20,43491.96,869839.2,18);
INSERT INTO "po_line_items" VALUES(64,26,8,10,24192.81,241928.1,18);
INSERT INTO "po_line_items" VALUES(65,27,12,1,818.28,818.28,18);
INSERT INTO "po_line_items" VALUES(66,27,5,1,3355.36,3355.36,18);
INSERT INTO "po_line_items" VALUES(67,28,8,20,27438.26,548765.2,18);
INSERT INTO "po_line_items" VALUES(68,29,10,100,15998.52,1599852,18);
INSERT INTO "po_line_items" VALUES(69,30,4,20,22135.75,442715,18);
INSERT INTO "po_line_items" VALUES(70,30,3,10,79957.09,799570.9,18);
INSERT INTO "po_line_items" VALUES(71,31,8,20,27076.28,541525.6,18);
INSERT INTO "po_line_items" VALUES(72,31,1,5,46328.87,231644.35,18);
INSERT INTO "po_line_items" VALUES(73,32,10,20,14151.81,283036.2,18);
INSERT INTO "po_line_items" VALUES(74,32,7,100,4905.5,490550,18);
INSERT INTO "po_line_items" VALUES(75,32,5,20,3219.55,64391,18);
INSERT INTO "po_line_items" VALUES(76,32,1,20,45400.19,908003.8,18);
INSERT INTO "po_line_items" VALUES(77,33,9,100,63336.2,6333620,18);
INSERT INTO "po_line_items" VALUES(78,33,2,2,118848.13,237696.26,18);
INSERT INTO "po_line_items" VALUES(79,33,11,5,8712.67,43563.35,18);
INSERT INTO "po_line_items" VALUES(80,33,8,1,26136.21,26136.21,18);
INSERT INTO "po_line_items" VALUES(81,34,2,50,110317.55,5515877.5,18);
INSERT INTO "po_line_items" VALUES(82,34,12,20,956.12,19122.4,18);
INSERT INTO "po_line_items" VALUES(83,34,11,1,8138.34,8138.34,18);
INSERT INTO "po_line_items" VALUES(84,34,10,20,15510.04,310200.8,18);
INSERT INTO "po_line_items" VALUES(85,35,12,20,811.1,16222,18);
INSERT INTO "po_line_items" VALUES(86,35,5,3,3546.42,10639.26,18);
INSERT INTO "po_line_items" VALUES(87,35,6,50,319.87,15993.5,18);
INSERT INTO "po_line_items" VALUES(88,36,5,100,3518.85,351885,18);
INSERT INTO "po_line_items" VALUES(89,37,9,20,54864.91,1097298.2,18);
INSERT INTO "po_line_items" VALUES(90,37,4,1,21719.37,21719.37,18);
INSERT INTO "po_line_items" VALUES(91,37,12,100,975.81,97581,18);
INSERT INTO "po_line_items" VALUES(92,37,10,20,15227.28,304545.6,18);
INSERT INTO "po_line_items" VALUES(93,38,2,10,122194.07,1221940.7,18);
INSERT INTO "po_line_items" VALUES(94,38,8,20,25036.68,500733.6,18);
INSERT INTO "po_line_items" VALUES(95,38,11,10,7938.79,79387.9,18);
INSERT INTO "po_line_items" VALUES(96,38,5,1,3189.82,3189.82,18);
INSERT INTO "po_line_items" VALUES(97,39,7,20,4109.32,82186.4,18);
INSERT INTO "po_line_items" VALUES(98,39,6,2,354.06,708.12,18);
INSERT INTO "po_line_items" VALUES(99,39,10,50,14352.44,717622,18);
INSERT INTO "po_line_items" VALUES(100,39,1,3,43500.26,130500.78,18);
INSERT INTO "po_line_items" VALUES(101,40,6,10,367.67,3676.7,18);
INSERT INTO "po_line_items" VALUES(102,40,11,100,7574.4,757440,18);
INSERT INTO "po_line_items" VALUES(103,40,4,5,21161.66,105808.3,18);
INSERT INTO "po_line_items" VALUES(104,40,8,100,27019.87,2701987,18);
INSERT INTO "po_line_items" VALUES(105,41,1,5,43975.5,219877.5,18);
INSERT INTO "po_line_items" VALUES(106,41,7,2,4387.42,8774.84,18);
INSERT INTO "po_line_items" VALUES(107,41,9,1,57824.22,57824.22,18);
INSERT INTO "po_line_items" VALUES(108,41,6,2,373.74,747.48,18);
INSERT INTO "po_line_items" VALUES(109,42,1,5,44278.43,221392.15,18);
INSERT INTO "po_line_items" VALUES(110,43,9,1,58685.44,58685.44,18);
INSERT INTO "po_line_items" VALUES(111,44,9,100,65769.83,6576983,18);
INSERT INTO "po_line_items" VALUES(112,44,6,100,359.22,35922,18);
INSERT INTO "po_line_items" VALUES(113,44,3,3,68446.51,205339.53,18);
INSERT INTO "po_line_items" VALUES(114,45,3,20,81364.66,1627293.2,18);
INSERT INTO "po_line_items" VALUES(115,45,8,10,26505.74,265057.4,18);
INSERT INTO "po_line_items" VALUES(116,45,11,50,7326.28,366314,18);
INSERT INTO "po_line_items" VALUES(117,46,12,20,920.67,18413.4,18);
INSERT INTO "po_line_items" VALUES(118,47,6,1,357.36,357.36,18);
INSERT INTO "po_line_items" VALUES(119,47,7,100,4903.94,490394,18);
INSERT INTO "po_line_items" VALUES(120,47,10,20,14831.82,296636.4,18);
INSERT INTO "po_line_items" VALUES(121,48,3,20,78143.11,1562862.2,18);
INSERT INTO "po_line_items" VALUES(122,48,8,10,26956.66,269566.6,18);
INSERT INTO "po_line_items" VALUES(123,48,2,3,125083.42,375250.26,18);
INSERT INTO "po_line_items" VALUES(124,48,6,3,370.56,1111.68,18);
INSERT INTO "po_line_items" VALUES(125,49,3,3,79016.72,237050.16,18);
INSERT INTO "po_line_items" VALUES(126,49,9,3,59191.42,177574.26,18);
INSERT INTO "po_line_items" VALUES(127,49,10,1,15994.17,15994.17,18);
INSERT INTO "po_line_items" VALUES(128,50,1,2,40909.16,81818.32,18);
INSERT INTO "po_line_items" VALUES(129,51,7,20,4595.99,91919.8,18);
INSERT INTO "po_line_items" VALUES(130,51,8,20,26807.43,536148.6,18);
INSERT INTO "po_line_items" VALUES(131,51,11,20,8374.72,167494.4,18);
INSERT INTO "po_line_items" VALUES(132,51,4,20,24091.65,481833,18);
INSERT INTO "po_line_items" VALUES(133,52,4,1,20022.38,20022.38,18);
INSERT INTO "po_line_items" VALUES(134,52,12,100,917.55,91755,18);
INSERT INTO "po_line_items" VALUES(135,52,10,100,14357.25,1435725,18);
INSERT INTO "po_line_items" VALUES(136,52,6,1,374.3,374.3,18);
INSERT INTO "po_line_items" VALUES(137,53,9,3,62563.1,187689.3,18);
INSERT INTO "po_line_items" VALUES(138,53,1,100,45173.99,4517399,18);
INSERT INTO "po_line_items" VALUES(139,53,11,3,8170.02,24510.06,18);
INSERT INTO "po_line_items" VALUES(140,53,10,3,14483.9,43451.7,18);
INSERT INTO "po_line_items" VALUES(141,54,3,2,70361.76,140723.52,18);
INSERT INTO "po_line_items" VALUES(142,54,11,100,7701.91,770191,18);
INSERT INTO "po_line_items" VALUES(143,54,4,3,21617.02,64851.06,18);
INSERT INTO "po_line_items" VALUES(144,54,1,5,44193.4,220967,18);
INSERT INTO "po_line_items" VALUES(145,55,6,10,381.87,3818.7,18);
INSERT INTO "po_line_items" VALUES(146,55,3,2,72695.45,145390.9,18);
INSERT INTO "po_line_items" VALUES(147,55,5,100,3609.18,360918,18);
INSERT INTO "po_line_items" VALUES(148,55,1,100,42425.88,4242588,18);
INSERT INTO "po_line_items" VALUES(149,56,2,5,120843.65,604218.25,18);
INSERT INTO "po_line_items" VALUES(150,57,1,10,45611.66,456116.6,18);
INSERT INTO "po_line_items" VALUES(151,58,11,20,8465.23,169304.6,18);
INSERT INTO "po_line_items" VALUES(152,58,5,5,3272.85,16364.25,18);
INSERT INTO "po_line_items" VALUES(153,58,3,50,79904.85,3995242.5,18);
INSERT INTO "po_line_items" VALUES(154,58,1,20,41280.64,825612.8,18);
INSERT INTO "po_line_items" VALUES(155,59,10,3,14934.55,44803.65,18);
INSERT INTO "po_line_items" VALUES(156,59,4,100,23090.03,2309003,18);
INSERT INTO "po_line_items" VALUES(157,59,11,20,7865.35,157307,18);
INSERT INTO "po_line_items" VALUES(158,60,11,10,8506.33,85063.3,18);
INSERT INTO "po_line_items" VALUES(159,60,5,5,3554.82,17774.1,18);
INSERT INTO "po_line_items" VALUES(160,60,1,1,44313.28,44313.28,18);
INSERT INTO "po_line_items" VALUES(161,60,7,2,4537.05,9074.1,18);
INSERT INTO "po_line_items" VALUES(162,61,2,20,110847.2,2216944,18);
INSERT INTO "po_line_items" VALUES(163,61,11,50,8046.15,402307.5,18);
INSERT INTO "po_line_items" VALUES(164,61,9,5,64017.86,320089.3,18);
INSERT INTO "po_line_items" VALUES(165,61,3,1,82177.36,82177.36,18);
INSERT INTO "po_line_items" VALUES(166,62,11,50,8089.36,404468,18);
INSERT INTO "po_line_items" VALUES(167,62,12,1,985.01,985.01,18);
INSERT INTO "po_line_items" VALUES(168,63,4,2,23857.79,47715.58,18);
INSERT INTO "po_line_items" VALUES(169,63,5,20,3214.72,64294.4,18);
INSERT INTO "po_line_items" VALUES(170,63,12,5,819.28,4096.4,18);
INSERT INTO "po_line_items" VALUES(171,63,6,50,362.16,18108,18);
INSERT INTO "po_line_items" VALUES(172,64,2,20,115510.13,2310202.6,18);
INSERT INTO "po_line_items" VALUES(173,64,8,1,25312.62,25312.62,18);
INSERT INTO "po_line_items" VALUES(174,64,6,5,366.89,1834.45,18);
INSERT INTO "po_line_items" VALUES(175,64,4,1,20947.41,20947.41,18);
INSERT INTO "po_line_items" VALUES(176,65,11,1,8422.94,8422.94,18);
INSERT INTO "po_line_items" VALUES(177,66,9,50,63674.01,3183700.5,18);
INSERT INTO "po_line_items" VALUES(178,66,5,3,3224.91,9674.73,18);
INSERT INTO "po_line_items" VALUES(179,66,1,2,45219.47,90438.94,18);
INSERT INTO "po_line_items" VALUES(180,67,1,2,44998.73,89997.46,18);
INSERT INTO "po_line_items" VALUES(181,67,11,50,8231.85,411592.5,18);
INSERT INTO "po_line_items" VALUES(182,67,12,20,911.85,18237,18);
INSERT INTO "po_line_items" VALUES(183,67,3,2,80921.87,161843.74,18);
INSERT INTO "po_line_items" VALUES(184,68,9,20,54644.36,1092887.2,18);
INSERT INTO "po_line_items" VALUES(185,69,12,2,858.23,1716.46,18);
INSERT INTO "po_line_items" VALUES(186,69,2,50,125080.25,6254012.5,18);
INSERT INTO "po_line_items" VALUES(187,70,7,50,4399.02,219951,18);
INSERT INTO "po_line_items" VALUES(188,70,1,2,47023.59,94047.18,18);
INSERT INTO "po_line_items" VALUES(189,70,5,5,3550.37,17751.85,18);
INSERT INTO "po_line_items" VALUES(190,71,10,100,14504.21,1450421,18);
INSERT INTO "po_line_items" VALUES(191,71,7,3,4320.39,12961.17,18);
INSERT INTO "po_line_items" VALUES(192,71,6,5,348.53,1742.65,18);
INSERT INTO "po_line_items" VALUES(193,72,5,3,3650.67,10952.01,18);
INSERT INTO "po_line_items" VALUES(194,72,11,50,7318.34,365917,18);
INSERT INTO "po_line_items" VALUES(195,73,6,100,322.32,32232,18);
INSERT INTO "po_line_items" VALUES(196,73,1,50,48784.93,2439246.5,18);
INSERT INTO "po_line_items" VALUES(197,74,11,5,8025.59,40127.95,18);
INSERT INTO "po_line_items" VALUES(198,74,2,3,115943.75,347831.25,18);
INSERT INTO "po_line_items" VALUES(199,74,3,50,81876.94,4093847,18);
INSERT INTO "po_line_items" VALUES(200,75,8,10,25853.51,258535.1,18);
INSERT INTO "po_line_items" VALUES(201,75,2,100,120665.16,12066516,18);
INSERT INTO "po_line_items" VALUES(202,76,1,5,47836.94,239184.7,18);
INSERT INTO "po_line_items" VALUES(203,76,8,100,24545.67,2454567,18);
INSERT INTO "po_line_items" VALUES(204,76,3,100,73734.46,7373446,18);
INSERT INTO "po_line_items" VALUES(205,77,2,1,118793.58,118793.58,18);
INSERT INTO "po_line_items" VALUES(206,77,11,20,8579.52,171590.4,18);
INSERT INTO "po_line_items" VALUES(207,77,4,2,21731.91,43463.82,18);
INSERT INTO "po_line_items" VALUES(208,77,5,2,3692.94,7385.88,18);
INSERT INTO "po_line_items" VALUES(209,78,9,100,57927.47,5792747,18);
INSERT INTO "po_line_items" VALUES(210,78,5,1,3758.24,3758.24,18);
INSERT INTO "po_line_items" VALUES(211,78,6,2,366.17,732.34,18);
INSERT INTO "po_line_items" VALUES(212,78,8,100,25674.2,2567420,18);
INSERT INTO "po_line_items" VALUES(213,79,3,20,71255.84,1425116.8,18);
INSERT INTO "po_line_items" VALUES(214,79,5,20,3615.16,72303.2,18);
INSERT INTO "po_line_items" VALUES(215,79,2,3,109242.89,327728.67,18);
INSERT INTO "po_line_items" VALUES(216,80,5,3,3599.1,10797.3,18);
INSERT INTO "po_line_items" VALUES(217,80,3,3,68526.17,205578.51,18);
INSERT INTO "po_line_items" VALUES(218,80,7,1,4599.29,4599.29,18);
CREATE TABLE products (
    id INTEGER PRIMARY KEY,
    code TEXT UNIQUE NOT NULL,
    name TEXT NOT NULL,
    category TEXT,
    hsn_code TEXT,
    unit TEXT DEFAULT 'NOS',
    standard_rate DECIMAL(12,2)
);
INSERT INTO "products" VALUES(1,'SRV-001','Cloud Hosting - Monthly','IT Services','998314','MOS',45000);
INSERT INTO "products" VALUES(2,'SRV-002','Software License - Annual','IT Services','998316','NOS',120000);
INSERT INTO "products" VALUES(3,'HW-001','Laptop - Business','Hardware','847130','NOS',75000);
INSERT INTO "products" VALUES(4,'HW-002','Monitor - 27 inch','Hardware','852849','NOS',22000);
INSERT INTO "products" VALUES(5,'HW-003','Keyboard & Mouse Kit','Hardware','843180','NOS',3500);
INSERT INTO "products" VALUES(6,'STN-001','A4 Paper Ream','Stationery','480256','PKT',350);
INSERT INTO "products" VALUES(7,'STN-002','Printer Toner Cartridge','Stationery','370610','NOS',4500);
INSERT INTO "products" VALUES(8,'FAC-001','Office Cleaning - Monthly','Facility','998531','MOS',25000);
INSERT INTO "products" VALUES(9,'FAC-002','Security Services - Monthly','Facility','998529','MOS',60000);
INSERT INTO "products" VALUES(10,'CON-001','Consulting - per day','Consulting','998311','DAY',15000);
INSERT INTO "products" VALUES(11,'LOG-001','Freight - per shipment','Logistics','996511','NOS',8000);
INSERT INTO "products" VALUES(12,'CHM-001','Sanitizer Bulk - 5L','Chemicals','380894','NOS',900);
CREATE TABLE purchase_orders (
    id INTEGER PRIMARY KEY,
    po_number TEXT UNIQUE NOT NULL,
    company_id INTEGER REFERENCES companies(id),
    vendor_id INTEGER REFERENCES vendors(id),
    department_id INTEGER REFERENCES departments(id),
    po_date DATE NOT NULL,
    total_amount DECIMAL(15,2),
    status TEXT CHECK(status IN ('draft','approved','partially_received','received','closed','cancelled')),
    approved_by TEXT,
    created_at TIMESTAMP DEFAULT CURRENT_TIMESTAMP
);
INSERT INTO "purchase_orders" VALUES(1,'PO-2025-0001',2,8,3,'2025-07-22',940631.64,'partially_received','System','2025-07-22 00:00:00');
INSERT INTO "purchase_orders" VALUES(2,'PO-2025-0002',1,3,4,'2025-05-03',748829.45,'approved','System','2025-05-03 00:00:00');
INSERT INTO "purchase_orders" VALUES(3,'PO-2025-0003',1,9,3,'2025-12-27',2493229.1,'approved','System','2025-12-27 00:00:00');
INSERT INTO "purchase_orders" VALUES(4,'PO-2025-0004',1,7,3,'2025-11-23',245773.22,'approved','System','2025-11-23 00:00:00');
INSERT INTO "purchase_orders" VALUES(5,'PO-2025-0005',1,3,3,'2025-07-21',15743.93,'approved','System','2025-07-21 00:00:00');
INSERT INTO "purchase_orders" VALUES(6,'PO-2025-0006',1,15,5,'2025-04-21',97824.8,'approved','System','2025-04-21 00:00:00');
INSERT INTO "purchase_orders" VALUES(7,'PO-2025-0007',2,1,5,'2025-05-22',300353.1,'approved','System','2025-05-22 00:00:00');
INSERT INTO "purchase_orders" VALUES(8,'PO-2025-0008',1,5,1,'2025-06-19',453847.5,'approved','System','2025-06-19 00:00:00');
INSERT INTO "purchase_orders" VALUES(9,'PO-2025-0009',1,5,1,'2025-10-01',1219775.78,'closed','System','2025-10-01 00:00:00');
INSERT INTO "purchase_orders" VALUES(10,'PO-2025-0010',1,11,4,'2025-09-16',6292323.68,'approved','System','2025-09-16 00:00:00');
INSERT INTO "purchase_orders" VALUES(11,'PO-2025-0011',1,11,5,'2025-09-08',9012.8,'closed','System','2025-09-08 00:00:00');
INSERT INTO "purchase_orders" VALUES(12,'PO-2025-0012',1,1,3,'2025-07-17',1739014.01,'closed','System','2025-07-17 00:00:00');
INSERT INTO "purchase_orders" VALUES(13,'PO-2025-0013',2,15,5,'2025-12-15',7454678.65,'approved','System','2025-12-15 00:00:00');
INSERT INTO "purchase_orders" VALUES(14,'PO-2025-0014',2,14,4,'2025-04-04',69703.47,'closed','System','2025-04-04 00:00:00');
INSERT INTO "purchase_orders" VALUES(15,'PO-2025-0015',1,8,3,'2025-10-12',2678220.54,'approved','System','2025-10-12 00:00:00');
INSERT INTO "purchase_orders" VALUES(16,'PO-2025-0016',1,13,3,'2025-05-26',171383,'closed','System','2025-05-26 00:00:00');
INSERT INTO "purchase_orders" VALUES(17,'PO-2025-0017',2,11,2,'2025-11-09',5967057.6,'closed','System','2025-11-09 00:00:00');
INSERT INTO "purchase_orders" VALUES(18,'PO-2025-0018',1,5,5,'2025-04-06',6100486.9,'closed','System','2025-04-06 00:00:00');
INSERT INTO "purchase_orders" VALUES(19,'PO-2025-0019',1,2,3,'2025-06-01',2111524.9,'approved','System','2025-06-01 00:00:00');
INSERT INTO "purchase_orders" VALUES(20,'PO-2025-0020',1,6,1,'2025-08-08',401262.23,'partially_received','System','2025-08-08 00:00:00');
INSERT INTO "purchase_orders" VALUES(21,'PO-2025-0021',1,5,2,'2025-08-26',745726.1,'approved','System','2025-08-26 00:00:00');
INSERT INTO "purchase_orders" VALUES(22,'PO-2025-0022',2,9,4,'2025-05-12',91866.8,'approved','System','2025-05-12 00:00:00');
INSERT INTO "purchase_orders" VALUES(23,'PO-2025-0023',2,14,1,'2025-11-27',782635.32,'partially_received','System','2025-11-27 00:00:00');
INSERT INTO "purchase_orders" VALUES(24,'PO-2025-0024',2,11,4,'2025-04-28',6150819.25,'received','System','2025-04-28 00:00:00');
INSERT INTO "purchase_orders" VALUES(25,'PO-2025-0025',1,9,1,'2025-08-20',7664511.4,'received','System','2025-08-20 00:00:00');
INSERT INTO "purchase_orders" VALUES(26,'PO-2025-0026',1,12,4,'2025-06-19',241928.1,'closed','System','2025-06-19 00:00:00');
INSERT INTO "purchase_orders" VALUES(27,'PO-2025-0027',1,7,1,'2025-11-14',4173.64,'approved','System','2025-11-14 00:00:00');
INSERT INTO "purchase_orders" VALUES(28,'PO-2025-0028',1,15,5,'2025-06-20',548765.2,'approved','System','2025-06-20 00:00:00');
INSERT INTO "purchase_orders" VALUES(29,'PO-2025-0029',2,11,3,'2025-04-05',1599852,'approved','System','2025-04-05 00:00:00');
INSERT INTO "purchase_orders" VALUES(30,'PO-2025-0030',1,15,3,'2025-10-30',1242285.9,'approved','System','2025-10-30 00:00:00');
INSERT INTO "purchase_orders" VALUES(31,'PO-2025-0031',2,10,3,'2025-05-26',773169.95,'closed','System','2025-05-26 00:00:00');
INSERT INTO "purchase_orders" VALUES(32,'PO-2025-0032',1,10,4,'2025-05-21',1745981,'closed','System','2025-05-21 00:00:00');
INSERT INTO "purchase_orders" VALUES(33,'PO-2025-0033',1,3,1,'2025-06-04',6641015.82,'closed','System','2025-06-04 00:00:00');
INSERT INTO "purchase_orders" VALUES(34,'PO-2025-0034',1,11,3,'2025-06-18',5853339.04,'partially_received','System','2025-06-18 00:00:00');
INSERT INTO "purchase_orders" VALUES(35,'PO-2025-0035',1,1,1,'2025-07-02',42854.76,'closed','System','2025-07-02 00:00:00');
INSERT INTO "purchase_orders" VALUES(36,'PO-2025-0036',1,13,3,'2025-11-07',351885,'approved','System','2025-11-07 00:00:00');
INSERT INTO "purchase_orders" VALUES(37,'PO-2025-0037',2,12,2,'2025-06-06',1521144.17,'received','System','2025-06-06 00:00:00');
INSERT INTO "purchase_orders" VALUES(38,'PO-2025-0038',1,11,3,'2025-06-17',1805252.02,'approved','System','2025-06-17 00:00:00');
INSERT INTO "purchase_orders" VALUES(39,'PO-2025-0039',1,3,3,'2025-08-23',931017.3,'received','System','2025-08-23 00:00:00');
INSERT INTO "purchase_orders" VALUES(40,'PO-2025-0040',1,14,4,'2025-04-23',3568912,'approved','System','2025-04-23 00:00:00');
INSERT INTO "purchase_orders" VALUES(41,'PO-2025-0041',2,14,3,'2025-04-14',287224.04,'closed','System','2025-04-14 00:00:00');
INSERT INTO "purchase_orders" VALUES(42,'PO-2025-0042',1,13,2,'2025-09-02',221392.15,'received','System','2025-09-02 00:00:00');
INSERT INTO "purchase_orders" VALUES(43,'PO-2025-0043',1,3,5,'2025-10-02',58685.44,'partially_received','System','2025-10-02 00:00:00');
INSERT INTO "purchase_orders" VALUES(44,'PO-2025-0044',1,13,2,'2025-04-23',6818244.53,'partially_received','System','2025-04-23 00:00:00');
INSERT INTO "purchase_orders" VALUES(45,'PO-2025-0045',2,7,4,'2025-10-15',2258664.6,'received','System','2025-10-15 00:00:00');
INSERT INTO "purchase_orders" VALUES(46,'PO-2025-0046',2,3,3,'2025-11-15',18413.4,'partially_received','System','2025-11-15 00:00:00');
INSERT INTO "purchase_orders" VALUES(47,'PO-2025-0047',1,1,1,'2025-07-30',787387.76,'approved','System','2025-07-30 00:00:00');
INSERT INTO "purchase_orders" VALUES(48,'PO-2025-0048',1,4,2,'2025-05-08',2208790.74,'received','System','2025-05-08 00:00:00');
INSERT INTO "purchase_orders" VALUES(49,'PO-2025-0049',2,2,4,'2025-12-21',430618.59,'received','System','2025-12-21 00:00:00');
INSERT INTO "purchase_orders" VALUES(50,'PO-2025-0050',1,3,5,'2025-09-20',81818.32,'closed','System','2025-09-20 00:00:00');
INSERT INTO "purchase_orders" VALUES(51,'PO-2025-0051',1,8,1,'2025-06-20',1277395.8,'approved','System','2025-06-20 00:00:00');
INSERT INTO "purchase_orders" VALUES(52,'PO-2025-0052',1,1,4,'2025-12-15',1547876.68,'partially_received','System','2025-12-15 00:00:00');
INSERT INTO "purchase_orders" VALUES(53,'PO-2025-0053',1,13,2,'2025-12-17',4773050.06,'received','System','2025-12-17 00:00:00');
INSERT INTO "purchase_orders" VALUES(54,'PO-2025-0054',2,10,2,'2025-12-25',1196732.58,'received','System','2025-12-25 00:00:00');
INSERT INTO "purchase_orders" VALUES(55,'PO-2025-0055',1,5,5,'2025-10-12',4752715.6,'received','System','2025-10-12 00:00:00');
INSERT INTO "purchase_orders" VALUES(56,'PO-2025-0056',1,13,3,'2025-08-25',604218.25,'closed','System','2025-08-25 00:00:00');
INSERT INTO "purchase_orders" VALUES(57,'PO-2025-0057',2,13,2,'2025-08-27',456116.6,'approved','System','2025-08-27 00:00:00');
INSERT INTO "purchase_orders" VALUES(58,'PO-2025-0058',1,4,3,'2025-06-23',5006524.15,'closed','System','2025-06-23 00:00:00');
INSERT INTO "purchase_orders" VALUES(59,'PO-2025-0059',1,15,1,'2025-08-30',2511113.65,'received','System','2025-08-30 00:00:00');
INSERT INTO "purchase_orders" VALUES(60,'PO-2025-0060',2,3,4,'2025-04-30',156224.78,'approved','System','2025-04-30 00:00:00');
INSERT INTO "purchase_orders" VALUES(61,'PO-2025-0061',2,6,4,'2025-10-11',3021518.16,'partially_received','System','2025-10-11 00:00:00');
INSERT INTO "purchase_orders" VALUES(62,'PO-2025-0062',1,7,3,'2025-05-02',405453.01,'closed','System','2025-05-02 00:00:00');
INSERT INTO "purchase_orders" VALUES(63,'PO-2025-0063',2,9,4,'2025-06-08',134214.38,'received','System','2025-06-08 00:00:00');
INSERT INTO "purchase_orders" VALUES(64,'PO-2025-0064',1,5,5,'2025-12-11',2358297.08,'received','System','2025-12-11 00:00:00');
INSERT INTO "purchase_orders" VALUES(65,'PO-2025-0065',1,15,5,'2025-04-18',8422.94,'partially_received','System','2025-04-18 00:00:00');
INSERT INTO "purchase_orders" VALUES(66,'PO-2025-0066',2,1,1,'2025-04-09',3283814.17,'approved','System','2025-04-09 00:00:00');
INSERT INTO "purchase_orders" VALUES(67,'PO-2025-0067',2,2,4,'2025-10-11',681670.7,'approved','System','2025-10-11 00:00:00');
INSERT INTO "purchase_orders" VALUES(68,'PO-2025-0068',1,11,4,'2025-06-11',1092887.2,'partially_received','System','2025-06-11 00:00:00');
INSERT INTO "purchase_orders" VALUES(69,'PO-2025-0069',1,7,5,'2025-08-30',6255728.96,'closed','System','2025-08-30 00:00:00');
INSERT INTO "purchase_orders" VALUES(70,'PO-2025-0070',1,1,3,'2025-05-18',331750.03,'approved','System','2025-05-18 00:00:00');
INSERT INTO "purchase_orders" VALUES(71,'PO-2025-0071',1,3,1,'2025-10-20',1465124.82,'approved','System','2025-10-20 00:00:00');
INSERT INTO "purchase_orders" VALUES(72,'PO-2025-0072',2,11,2,'2025-09-03',376869.01,'received','System','2025-09-03 00:00:00');
INSERT INTO "purchase_orders" VALUES(73,'PO-2025-0073',1,8,4,'2025-11-24',2471478.5,'approved','System','2025-11-24 00:00:00');
INSERT INTO "purchase_orders" VALUES(74,'PO-2025-0074',1,5,1,'2025-04-12',4481806.2,'approved','System','2025-04-12 00:00:00');
INSERT INTO "purchase_orders" VALUES(75,'PO-2025-0075',1,13,3,'2025-09-14',12325051.1,'closed','System','2025-09-14 00:00:00');
INSERT INTO "purchase_orders" VALUES(76,'PO-2025-0076',2,14,5,'2025-04-28',10067197.7,'partially_received','System','2025-04-28 00:00:00');
INSERT INTO "purchase_orders" VALUES(77,'PO-2025-0077',2,1,5,'2025-07-21',341233.68,'approved','System','2025-07-21 00:00:00');
INSERT INTO "purchase_orders" VALUES(78,'PO-2025-0078',2,7,1,'2025-05-18',8364657.58,'closed','System','2025-05-18 00:00:00');
INSERT INTO "purchase_orders" VALUES(79,'PO-2025-0079',2,1,2,'2025-06-07',1825148.67,'closed','System','2025-06-07 00:00:00');
INSERT INTO "purchase_orders" VALUES(80,'PO-2025-0080',1,12,1,'2025-09-08',220975.1,'approved','System','2025-09-08 00:00:00');
CREATE TABLE vendors (
    id INTEGER PRIMARY KEY,
    name TEXT NOT NULL,
    gstin TEXT,
    pan TEXT,
    state_code TEXT,
    city TEXT,
    payment_terms_days INTEGER DEFAULT 30,
    is_watchlist INTEGER DEFAULT 0,
    rating TEXT CHECK(rating IN ('A','B','C','D')),
    onboarded_date DATE
);
INSERT INTO "vendors" VALUES(1,'TechServe Solutions Pvt Ltd','36AAPA0371A1Z2','AAPA0371A','36','Delhi',30,0,'A','2024-01-15');
INSERT INTO "vendors" VALUES(2,'CloudNet Infra','29ABPB1482B1Z3','ABPB1482B','29','Bangalore',60,0,'C','2023-02-22');
INSERT INTO "vendors" VALUES(3,'PrintMax Stationery','27ACPC2593C1Z7','ACPC2593C','27','Mumbai',30,0,'A','2023-01-16');
INSERT INTO "vendors" VALUES(4,'GreenLogistics Transport','29ADPD3604D1Z9','ADPD3604D','29','Hyderabad',30,0,'B','2023-01-14');
INSERT INTO "vendors" VALUES(5,'DataPipe Analytics LLP','36AEPE4715E1Z9','AEPE4715E','36','Chennai',60,0,'B','2023-04-23');
INSERT INTO "vendors" VALUES(6,'Aegis Facility Management','06AFPF5826F1Z1','AFPF5826F','06','Pune',45,0,'D','2024-02-17');
INSERT INTO "vendors" VALUES(7,'NovaChem Supplies','06AGPG6937A1Z5','AGPG6937A','06','Delhi',15,1,'A','2023-04-21');
INSERT INTO "vendors" VALUES(8,'BrightStar IT Services','27AHPA7048B1Z7','AHPA7048B','27','Delhi',60,0,'A','2023-07-03');
INSERT INTO "vendors" VALUES(9,'PrimePack Industries','06AIPB8159C1Z1','AIPB8159C','06','Hyderabad',15,0,'C','2023-08-24');
INSERT INTO "vendors" VALUES(10,'Zenith Office Supplies','33AJPC9260D1Z2','AJPC9260D','33','Bangalore',60,0,'B','2023-05-31');
INSERT INTO "vendors" VALUES(11,'AlphaConsult Partners','06AKPD0371E1Z4','AKPD0371E','06','Mumbai',30,0,'C','2023-02-05');
INSERT INTO "vendors" VALUES(12,'MegaTrade Exports','06ALPE1482F1Z2','ALPE1482F','06','Mumbai',45,1,'D','2023-04-30');
INSERT INTO "vendors" VALUES(13,'RapidBuild Construction','06AMPF2593A1Z8','AMPF2593A','06','Delhi',30,0,'C','2024-03-03');
INSERT INTO "vendors" VALUES(14,'SafeGuard Security Services','06ANPG3604B1Z6','ANPG3604B','06','Delhi',15,0,'A','2023-12-10');
INSERT INTO "vendors" VALUES(15,'OmniTech Hardware','07AOPA4715C1Z3','AOPA4715C','07','Pune',30,0,'B','2024-01-09');
COMMIT;
